id,major_category,base_item,detail_item,aliases,entry_date,peak_date,end_date,season_basis,confidence
1,과일,사과,부사,,2026-08-09,2026-10-05,2027-01-04,사과 대표 유통·검색 시즌 추정 / 만생·저장형 조정,중
2,과일,사과,후지사과,,2026-08-09,2026-10-05,2027-01-04,사과 대표 유통·검색 시즌 추정 / 만생·저장형 조정,중
3,과일,사과,홍로사과,,2026-07-20,2026-08-20,2026-09-20,세부품목 우선 시즌값,상
4,과일,사과,아리수사과,,2026-07-20,2026-09-10,2026-12-15,사과 대표 유통·검색 시즌 추정,중
5,과일,사과,감홍사과,,2026-09-15,2026-10-10,2026-11-10,세부품목 우선 시즌값,상
6,과일,사과,시나노골드,,2026-09-20,2026-10-20,2026-11-25,세부품목 우선 시즌값,상
7,과일,사과,황금사과,,2026-07-20,2026-09-10,2026-12-15,사과 대표 유통·검색 시즌 추정,중
8,과일,사과,루비에스,,2026-07-20,2026-09-10,2026-12-15,사과 대표 유통·검색 시즌 추정,중
9,과일,사과,썸머킹,,2026-06-25,2026-08-21,2026-11-30,사과 대표 유통·검색 시즌 추정 / 조생·햇상품 조정,중
10,과일,사과,썸머프린스,,2026-06-25,2026-08-21,2026-11-30,사과 대표 유통·검색 시즌 추정 / 조생·햇상품 조정,중
11,과일,사과,쓰가루사과,,2026-06-25,2026-07-25,2026-08-25,세부품목 우선 시즌값,상
12,과일,사과,아오리사과,,2026-06-25,2026-07-25,2026-08-25,세부품목 우선 시즌값,상
13,과일,사과,양광사과,,2026-07-20,2026-09-10,2026-12-15,사과 대표 유통·검색 시즌 추정,중
14,과일,사과,시나노스위트,,2026-07-20,2026-09-10,2026-12-15,사과 대표 유통·검색 시즌 추정,중
15,과일,사과,엔비사과,,2026-07-20,2026-09-10,2026-12-15,사과 대표 유통·검색 시즌 추정,중
16,과일,사과,미니사과,,2026-07-20,2026-09-10,2026-12-15,사과 대표 유통·검색 시즌 추정,중
17,과일,사과,알프스오토메,,2026-07-20,2026-09-10,2026-12-15,사과 대표 유통·검색 시즌 추정,중
18,과일,사과,사과대추,,2026-07-20,2026-09-10,2026-12-15,사과 대표 유통·검색 시즌 추정,중
19,과일,사과,홍옥사과,,2026-07-20,2026-09-10,2026-12-15,사과 대표 유통·검색 시즌 추정,중
20,과일,사과,국광사과,,2026-07-20,2026-09-10,2026-12-15,사과 대표 유통·검색 시즌 추정,중
21,과일,사과,미얀마사과,,2026-07-20,2026-09-10,2026-12-15,사과 대표 유통·검색 시즌 추정,중
22,과일,사과,피크닉사과,,2026-07-20,2026-09-10,2026-12-15,사과 대표 유통·검색 시즌 추정,중
23,과일,사과,황옥사과,,2026-07-20,2026-09-10,2026-12-15,사과 대표 유통·검색 시즌 추정,중
24,과일,사과,루비에프,,2026-07-20,2026-09-10,2026-12-15,사과 대표 유통·검색 시즌 추정,중
25,과일,사과,이지플사과,,2026-07-20,2026-09-10,2026-12-15,사과 대표 유통·검색 시즌 추정,중
26,과일,배,신고배,,2026-07-25,2026-09-05,2026-11-20,배 대표 유통·검색 시즌 추정,중
27,과일,배,원황배,,2026-07-25,2026-09-05,2026-11-20,배 대표 유통·검색 시즌 추정,중
28,과일,배,황금배,,2026-07-25,2026-09-05,2026-11-20,배 대표 유통·검색 시즌 추정,중
29,과일,배,화산배,,2026-07-25,2026-09-05,2026-11-20,배 대표 유통·검색 시즌 추정,중
30,과일,배,한아름배,,2026-07-25,2026-09-05,2026-11-20,배 대표 유통·검색 시즌 추정,중
31,과일,배,조이스킨배,,2026-07-25,2026-09-05,2026-11-20,배 대표 유통·검색 시즌 추정,중
32,과일,배,그린시스배,,2026-07-25,2026-09-05,2026-11-20,배 대표 유통·검색 시즌 추정,중
33,과일,배,슈퍼골드배,,2026-07-25,2026-09-05,2026-11-20,배 대표 유통·검색 시즌 추정,중
34,과일,배,창조배,,2026-07-25,2026-09-05,2026-11-20,배 대표 유통·검색 시즌 추정,중
35,과일,배,만풍배,,2026-07-25,2026-09-05,2026-11-20,배 대표 유통·검색 시즌 추정,중
36,과일,배,감천배,,2026-07-25,2026-09-05,2026-11-20,배 대표 유통·검색 시즌 추정,중
37,과일,배,추황배,,2026-07-25,2026-09-05,2026-11-20,배 대표 유통·검색 시즌 추정,중
38,과일,배,설원배,,2026-07-25,2026-09-05,2026-11-20,배 대표 유통·검색 시즌 추정,중
39,과일,배,신화배,,2026-07-25,2026-09-05,2026-11-20,배 대표 유통·검색 시즌 추정,중
40,과일,배,스위트코스트배,,2026-07-25,2026-09-05,2026-11-20,배 대표 유통·검색 시즌 추정,중
41,과일,배,애플페어,,2026-07-25,2026-09-05,2026-11-20,배 대표 유통·검색 시즌 추정,중
42,과일,배,미니배,,2026-07-25,2026-09-05,2026-11-20,배 대표 유통·검색 시즌 추정,중
43,과일,복숭아,백도복숭아,,2026-05-25,2026-07-25,2026-09-20,복숭아 대표 유통·검색 시즌 추정,중
44,과일,복숭아,황도복숭아,,2026-05-25,2026-07-25,2026-09-20,복숭아 대표 유통·검색 시즌 추정,중
45,과일,복숭아,천도복숭아,,2026-05-25,2026-07-25,2026-09-20,복숭아 대표 유통·검색 시즌 추정,중
46,과일,복숭아,신비복숭아,,2026-06-05,2026-06-20,2026-07-10,세부품목 우선 시즌값,상
47,과일,복숭아,납작복숭아,,2026-06-01,2026-07-05,2026-08-20,세부품목 우선 시즌값,상
48,과일,복숭아,딱딱이복숭아,,2026-05-25,2026-07-25,2026-09-20,복숭아 대표 유통·검색 시즌 추정,중
49,과일,복숭아,말랑이복숭아,,2026-05-25,2026-07-25,2026-09-20,복숭아 대표 유통·검색 시즌 추정,중
50,과일,복숭아,미백복숭아,,2026-05-25,2026-07-25,2026-09-20,복숭아 대표 유통·검색 시즌 추정,중
51,과일,복숭아,천중도백도,,2026-05-25,2026-07-25,2026-09-20,복숭아 대표 유통·검색 시즌 추정,중
52,과일,복숭아,유명복숭아,,2026-05-25,2026-07-25,2026-09-20,복숭아 대표 유통·검색 시즌 추정,중
53,과일,복숭아,대명복숭아,,2026-05-25,2026-07-25,2026-09-20,복숭아 대표 유통·검색 시즌 추정,중
54,과일,복숭아,마도카복숭아,,2026-05-25,2026-07-25,2026-09-20,복숭아 대표 유통·검색 시즌 추정,중
55,과일,복숭아,경봉복숭아,,2026-05-25,2026-07-25,2026-09-20,복숭아 대표 유통·검색 시즌 추정,중
56,과일,복숭아,그레이트복숭아,,2026-05-25,2026-07-25,2026-09-20,복숭아 대표 유통·검색 시즌 추정,중
57,과일,복숭아,장호원황도,,2026-05-25,2026-07-25,2026-09-20,복숭아 대표 유통·검색 시즌 추정,중
58,과일,복숭아,엘바트황도,,2026-05-25,2026-07-25,2026-09-20,복숭아 대표 유통·검색 시즌 추정,중
59,과일,복숭아,금황복숭아,,2026-05-25,2026-07-25,2026-09-20,복숭아 대표 유통·검색 시즌 추정,중
60,과일,복숭아,금봉복숭아,,2026-05-25,2026-07-25,2026-09-20,복숭아 대표 유통·검색 시즌 추정,중
61,과일,복숭아,수황복숭아,,2026-05-25,2026-07-25,2026-09-20,복숭아 대표 유통·검색 시즌 추정,중
62,과일,복숭아,선프레복숭아,,2026-05-25,2026-07-25,2026-09-20,복숭아 대표 유통·검색 시즌 추정,중
63,과일,복숭아,환타지아천도,,2026-05-25,2026-07-25,2026-09-20,복숭아 대표 유통·검색 시즌 추정,중
64,과일,복숭아,레드골드천도,,2026-05-25,2026-07-25,2026-09-20,복숭아 대표 유통·검색 시즌 추정,중
65,과일,복숭아,선광천도,,2026-05-25,2026-07-25,2026-09-20,복숭아 대표 유통·검색 시즌 추정,중
66,과일,복숭아,오도로키복숭아,,2026-05-25,2026-07-25,2026-09-20,복숭아 대표 유통·검색 시즌 추정,중
67,과일,복숭아,몽부사복숭아,,2026-06-14,2026-08-19,2026-10-10,복숭아 대표 유통·검색 시즌 추정 / 만생·저장형 조정,중
68,과일,복숭아,단금도복숭아,,2026-05-25,2026-07-25,2026-09-20,복숭아 대표 유통·검색 시즌 추정,중
69,과일,복숭아,대극천복숭아,,2026-05-25,2026-07-25,2026-09-20,복숭아 대표 유통·검색 시즌 추정,중
70,과일,복숭아,백천황도,,2026-05-25,2026-07-25,2026-09-20,복숭아 대표 유통·검색 시즌 추정,중
71,과일,복숭아,미황복숭아,,2026-05-25,2026-07-25,2026-09-20,복숭아 대표 유통·검색 시즌 추정,중
72,과일,복숭아,용택골드복숭아,,2026-05-25,2026-07-25,2026-09-20,복숭아 대표 유통·검색 시즌 추정,중
73,과일,자두,대석자두,,2026-05-25,2026-06-15,2026-07-05,세부품목 우선 시즌값,상
74,과일,자두,후무사자두,,2026-06-20,2026-07-20,2026-08-20,세부품목 우선 시즌값,상
75,과일,자두,피자두,,2026-06-20,2026-07-20,2026-08-20,세부품목 우선 시즌값,상
76,과일,자두,왕자두,,2026-05-20,2026-07-05,2026-09-15,자두 대표 유통·검색 시즌 추정,중
77,과일,자두,추희자두,,2026-08-10,2026-09-01,2026-09-30,세부품목 우선 시즌값,상
78,과일,자두,홍로센자두,,2026-05-20,2026-07-05,2026-09-15,자두 대표 유통·검색 시즌 추정,중
79,과일,자두,도담자두,,2026-05-20,2026-07-05,2026-09-15,자두 대표 유통·검색 시즌 추정,중
80,과일,자두,퍼플퀸자두,,2026-05-20,2026-07-05,2026-09-15,자두 대표 유통·검색 시즌 추정,중
81,과일,자두,솔담자두,,2026-05-20,2026-07-05,2026-09-15,자두 대표 유통·검색 시즌 추정,중
82,과일,자두,포모사자두,,2026-05-20,2026-07-05,2026-09-15,자두 대표 유통·검색 시즌 추정,중
83,과일,자두,산타로사자두,,2026-05-20,2026-07-05,2026-09-15,자두 대표 유통·검색 시즌 추정,중
84,과일,자두,홍자두,,2026-05-20,2026-07-05,2026-09-15,자두 대표 유통·검색 시즌 추정,중
85,과일,자두,노란자두,,2026-05-20,2026-07-05,2026-09-15,자두 대표 유통·검색 시즌 추정,중
86,과일,자두,체리자두,,2026-05-20,2026-07-05,2026-09-15,자두 대표 유통·검색 시즌 추정,중
87,과일,자두,나디아자두,,2026-05-20,2026-07-05,2026-09-15,자두 대표 유통·검색 시즌 추정,중
88,과일,자두,플럼코트,,2026-05-20,2026-07-05,2026-09-15,자두 대표 유통·검색 시즌 추정,중
89,과일,자두,티파니플럼코트,,2026-05-20,2026-07-05,2026-09-15,자두 대표 유통·검색 시즌 추정,중
90,과일,자두,하모니플럼코트,,2026-05-20,2026-07-05,2026-09-15,자두 대표 유통·검색 시즌 추정,중
91,과일,자두,심포니플럼코트,,2026-05-20,2026-07-05,2026-09-15,자두 대표 유통·검색 시즌 추정,중
92,과일,포도,캠벨포도,,2026-06-15,2026-08-25,2026-11-10,포도 대표 유통·검색 시즌 추정,중
93,과일,포도,거봉포도,,2026-06-15,2026-08-25,2026-11-10,포도 대표 유통·검색 시즌 추정,중
94,과일,포도,샤인머스켓,,2026-07-20,2026-09-15,2026-11-15,세부품목 우선 시즌값,상
95,과일,포도,머루포도,,2026-06-15,2026-08-25,2026-11-10,포도 대표 유통·검색 시즌 추정,중
96,과일,포도,델라웨어포도,,2026-05-20,2026-06-25,2026-08-01,세부품목 우선 시즌값,상
97,과일,포도,블랙사파이어포도,,2026-06-15,2026-08-25,2026-11-10,포도 대표 유통·검색 시즌 추정,중
98,과일,포도,크림슨포도,,2026-06-15,2026-08-25,2026-11-10,포도 대표 유통·검색 시즌 추정,중
99,과일,포도,레드글로브포도,,2026-06-15,2026-08-25,2026-11-10,포도 대표 유통·검색 시즌 추정,중
100,과일,포도,스튜벤포도,,2026-06-15,2026-08-25,2026-11-10,포도 대표 유통·검색 시즌 추정,중
101,과일,포도,MBA포도,,2026-06-15,2026-08-25,2026-11-10,포도 대표 유통·검색 시즌 추정,중
102,과일,포도,흑보석포도,,2026-06-15,2026-08-25,2026-11-10,포도 대표 유통·검색 시즌 추정,중
103,과일,포도,홍주씨들리스,,2026-06-15,2026-08-25,2026-11-10,포도 대표 유통·검색 시즌 추정,중
104,과일,포도,루비로망,,2026-06-15,2026-08-25,2026-11-10,포도 대표 유통·검색 시즌 추정,중
105,과일,포도,마이하트포도,,2026-06-15,2026-08-25,2026-11-10,포도 대표 유통·검색 시즌 추정,중
106,과일,포도,킹데라포도,,2026-06-15,2026-08-25,2026-11-10,포도 대표 유통·검색 시즌 추정,중
107,과일,포도,청포도,,2026-06-15,2026-08-25,2026-11-10,포도 대표 유통·검색 시즌 추정,중
108,과일,포도,바이올렛킹포도,,2026-06-15,2026-08-25,2026-11-10,포도 대표 유통·검색 시즌 추정,중
109,과일,포도,충랑포도,,2026-06-15,2026-08-25,2026-11-10,포도 대표 유통·검색 시즌 추정,중
110,과일,포도,새마루포도,,2026-06-15,2026-08-25,2026-11-10,포도 대표 유통·검색 시즌 추정,중
111,과일,포도,나르샤포도,,2026-06-15,2026-08-25,2026-11-10,포도 대표 유통·검색 시즌 추정,중
112,과일,포도,슈팅스타포도,,2026-06-15,2026-08-25,2026-11-10,포도 대표 유통·검색 시즌 추정,중
113,과일,감,단감,,2026-09-05,2026-10-20,2026-12-05,감 대표 유통·검색 시즌 추정,중
114,과일,감,부유단감,,2026-09-25,2026-11-14,2026-12-25,감 대표 유통·검색 시즌 추정 / 만생·저장형 조정,중
115,과일,감,차랑단감,,2026-09-05,2026-10-20,2026-12-05,감 대표 유통·검색 시즌 추정,중
116,과일,감,태추단감,,2026-09-05,2026-10-20,2026-12-05,감 대표 유통·검색 시즌 추정,중
117,과일,감,상서조생단감,,2026-08-11,2026-09-30,2026-11-20,감 대표 유통·검색 시즌 추정 / 조생·햇상품 조정,중
118,과일,감,로망단감,,2026-09-05,2026-10-20,2026-12-05,감 대표 유통·검색 시즌 추정,중
119,과일,감,감풍단감,,2026-09-05,2026-10-20,2026-12-05,감 대표 유통·검색 시즌 추정,중
120,과일,감,대봉감,,2026-09-25,2026-11-14,2026-12-25,감 대표 유통·검색 시즌 추정 / 만생·저장형 조정,중
121,과일,감,둥시감,,2026-09-05,2026-10-20,2026-12-05,감 대표 유통·검색 시즌 추정,중
122,과일,감,반시감,,2026-09-05,2026-10-20,2026-12-05,감 대표 유통·검색 시즌 추정,중
123,과일,감,청도반시,,2026-09-05,2026-10-20,2026-12-05,감 대표 유통·검색 시즌 추정,중
124,과일,감,월하시감,,2026-09-05,2026-10-20,2026-12-05,감 대표 유통·검색 시즌 추정,중
125,과일,감,갑주백목,,2026-09-05,2026-10-20,2026-12-05,감 대표 유통·검색 시즌 추정,중
126,과일,감,고종시감,,2026-09-05,2026-10-20,2026-12-05,감 대표 유통·검색 시즌 추정,중
127,과일,감,건시곶감,,2026-09-05,2026-10-20,2026-12-05,감 대표 유통·검색 시즌 추정,중
128,과일,감,반건시곶감,,2026-09-05,2026-10-20,2026-12-05,감 대표 유통·검색 시즌 추정,중
129,과일,감귤,노지감귤,,2026-09-20,2026-12-05,2027-03-15,감귤 대표 유통·검색 시즌 추정,중
130,과일,감귤,하우스감귤,,2026-01-01,2026-07-01,2026-12-31,연중 유통형,상
131,과일,감귤,극조생감귤,,2026-08-26,2026-11-15,2027-02-28,감귤 대표 유통·검색 시즌 추정 / 조생·햇상품 조정,중
132,과일,감귤,조생감귤,,2026-08-26,2026-11-15,2027-02-28,감귤 대표 유통·검색 시즌 추정 / 조생·햇상품 조정,중
133,과일,감귤,타이벡감귤,,2026-09-20,2026-12-05,2027-03-15,감귤 대표 유통·검색 시즌 추정,중
134,과일,감귤,비가림감귤,,2026-09-20,2026-12-05,2027-03-15,감귤 대표 유통·검색 시즌 추정,중
135,과일,감귤,풋귤,,2026-08-26,2026-11-15,2027-02-28,감귤 대표 유통·검색 시즌 추정 / 조생·햇상품 조정,중
136,과일,감귤,청귤,,2026-09-20,2026-12-05,2027-03-15,감귤 대표 유통·검색 시즌 추정,중
137,과일,감귤,황금향,,2026-09-20,2026-12-05,2027-03-15,감귤 대표 유통·검색 시즌 추정,중
138,과일,감귤,천혜향,,2026-09-20,2026-12-05,2027-03-15,감귤 대표 유통·검색 시즌 추정,중
139,과일,감귤,레드향,,2026-09-20,2026-12-05,2027-03-15,감귤 대표 유통·검색 시즌 추정,중
140,과일,감귤,한라봉,,2026-09-20,2026-12-05,2027-03-15,감귤 대표 유통·검색 시즌 추정,중
141,과일,감귤,카라향,,2026-09-20,2026-12-05,2027-03-15,감귤 대표 유통·검색 시즌 추정,중
142,과일,감귤,진지향,,2026-09-20,2026-12-05,2027-03-15,감귤 대표 유통·검색 시즌 추정,중
143,과일,감귤,세토카,,2026-09-20,2026-12-05,2027-03-15,감귤 대표 유통·검색 시즌 추정,중
144,과일,감귤,탐나는봉,,2026-09-20,2026-12-05,2027-03-15,감귤 대표 유통·검색 시즌 추정,중
145,과일,감귤,윈터프린스,,2026-09-20,2026-12-05,2027-03-15,감귤 대표 유통·검색 시즌 추정,중
146,과일,감귤,미니향,,2026-09-20,2026-12-05,2027-03-15,감귤 대표 유통·검색 시즌 추정,중
147,과일,감귤,유라조생,,2026-08-26,2026-11-15,2027-02-28,감귤 대표 유통·검색 시즌 추정 / 조생·햇상품 조정,중
148,과일,감귤,하례조생,,2026-08-26,2026-11-15,2027-02-28,감귤 대표 유통·검색 시즌 추정 / 조생·햇상품 조정,중
149,과일,감귤,궁천조생,,2026-08-26,2026-11-15,2027-02-28,감귤 대표 유통·검색 시즌 추정 / 조생·햇상품 조정,중
150,과일,멜론,머스크멜론,,2026-04-20,2026-06-25,2026-09-10,멜론 대표 유통·검색 시즌 추정,중
151,과일,멜론,네트멜론,,2026-04-20,2026-06-25,2026-09-10,멜론 대표 유통·검색 시즌 추정,중
152,과일,멜론,하니원멜론,,2026-05-20,2026-06-20,2026-08-10,세부품목 우선 시즌값,상
153,과일,멜론,허니원멜론,,2026-05-20,2026-06-20,2026-08-10,세부품목 우선 시즌값,상
154,과일,멜론,홈런스타멜론,,2026-04-20,2026-06-25,2026-09-10,멜론 대표 유통·검색 시즌 추정,중
155,과일,멜론,백자멜론,,2026-04-20,2026-06-25,2026-09-10,멜론 대표 유통·검색 시즌 추정,중
156,과일,멜론,양구멜론,,2026-05-10,2026-06-20,2026-08-20,세부품목 우선 시즌값,상
157,과일,멜론,성주멜론,,2026-04-20,2026-06-25,2026-09-10,멜론 대표 유통·검색 시즌 추정,중
158,과일,멜론,파파야멜론,,2026-04-20,2026-06-25,2026-09-10,멜론 대표 유통·검색 시즌 추정,중
159,과일,멜론,골드멜론,,2026-04-20,2026-06-25,2026-09-10,멜론 대표 유통·검색 시즌 추정,중
160,과일,멜론,칸탈루프멜론,,2026-04-20,2026-06-25,2026-09-10,멜론 대표 유통·검색 시즌 추정,중
161,과일,멜론,하미과멜론,,2026-04-20,2026-06-25,2026-09-10,멜론 대표 유통·검색 시즌 추정,중
162,과일,멜론,허니듀멜론,,2026-04-20,2026-06-25,2026-09-10,멜론 대표 유통·검색 시즌 추정,중
163,과일,멜론,얼스멜론,,2026-04-20,2026-06-25,2026-09-10,멜론 대표 유통·검색 시즌 추정,중
164,과일,멜론,레드퀸멜론,,2026-04-20,2026-06-25,2026-09-10,멜론 대표 유통·검색 시즌 추정,중
165,과일,멜론,달고나멜론,,2026-04-20,2026-06-25,2026-09-10,멜론 대표 유통·검색 시즌 추정,중
166,과일,멜론,미니멜론,,2026-04-20,2026-06-25,2026-09-10,멜론 대표 유통·검색 시즌 추정,중
167,과일,멜론,무등산멜론,,2026-04-20,2026-06-25,2026-09-10,멜론 대표 유통·검색 시즌 추정,중
168,과일,멜론,세지멜론,,2026-04-20,2026-06-25,2026-09-10,멜론 대표 유통·검색 시즌 추정,중
169,과일,멜론,고창멜론,,2026-04-20,2026-06-25,2026-09-10,멜론 대표 유통·검색 시즌 추정,중
170,과일,수박,일반수박,,2026-04-10,2026-07-10,2026-09-05,수박 대표 유통·검색 시즌 추정,중
171,과일,수박,씨없는수박,,2026-04-10,2026-07-10,2026-09-05,수박 대표 유통·검색 시즌 추정,중
172,과일,수박,흑피수박,,2026-04-10,2026-07-10,2026-09-05,수박 대표 유통·검색 시즌 추정,중
173,과일,수박,애플수박,,2026-04-10,2026-07-10,2026-09-05,수박 대표 유통·검색 시즌 추정,중
174,과일,수박,망고수박,,2026-04-10,2026-07-10,2026-09-05,수박 대표 유통·검색 시즌 추정,중
175,과일,수박,복수박,,2026-04-10,2026-07-10,2026-09-05,수박 대표 유통·검색 시즌 추정,중
176,과일,수박,베개수박,,2026-04-10,2026-07-10,2026-09-05,수박 대표 유통·검색 시즌 추정,중
177,과일,수박,미니수박,,2026-04-10,2026-07-10,2026-09-05,수박 대표 유통·검색 시즌 추정,중
178,과일,수박,황금수박,,2026-04-10,2026-07-10,2026-09-05,수박 대표 유통·검색 시즌 추정,중
179,과일,수박,노란수박,,2026-04-10,2026-07-10,2026-09-05,수박 대표 유통·검색 시즌 추정,중
180,과일,수박,블랙망고수박,,2026-04-10,2026-07-10,2026-09-05,수박 대표 유통·검색 시즌 추정,중
181,과일,수박,무등산수박,,2026-04-10,2026-07-10,2026-09-05,수박 대표 유통·검색 시즌 추정,중
182,과일,수박,속노란수박,,2026-04-10,2026-07-10,2026-09-05,수박 대표 유통·검색 시즌 추정,중
183,과일,참외,성주참외,,2026-02-20,2026-05-20,2026-08-10,참외 대표 유통·검색 시즌 추정,중
184,과일,참외,꿀참외,,2026-02-20,2026-05-20,2026-08-10,참외 대표 유통·검색 시즌 추정,중
185,과일,참외,금싸라기참외,,2026-02-20,2026-05-20,2026-08-10,참외 대표 유통·검색 시즌 추정,중
186,과일,참외,오복참외,,2026-02-20,2026-05-20,2026-08-10,참외 대표 유통·검색 시즌 추정,중
187,과일,참외,스마트꿀참외,,2026-02-20,2026-05-20,2026-08-10,참외 대표 유통·검색 시즌 추정,중
188,과일,참외,미니참외,,2026-02-20,2026-05-20,2026-08-10,참외 대표 유통·검색 시즌 추정,중
189,과일,참외,개구리참외,,2026-02-20,2026-05-20,2026-08-10,참외 대표 유통·검색 시즌 추정,중
190,과일,딸기,설향딸기,,2026-11-10,2027-02-10,2027-05-20,딸기 대표 유통·검색 시즌 추정,중
191,과일,딸기,금실딸기,,2026-11-10,2027-02-10,2027-05-20,딸기 대표 유통·검색 시즌 추정,중
192,과일,딸기,킹스베리,,2026-11-10,2027-02-10,2027-05-20,딸기 대표 유통·검색 시즌 추정,중
193,과일,딸기,죽향딸기,,2026-11-10,2027-02-10,2027-05-20,딸기 대표 유통·검색 시즌 추정,중
194,과일,딸기,매향딸기,,2026-11-10,2027-02-10,2027-05-20,딸기 대표 유통·검색 시즌 추정,중
195,과일,딸기,아리향딸기,,2026-11-10,2027-02-10,2027-05-20,딸기 대표 유통·검색 시즌 추정,중
196,과일,딸기,비타베리,,2026-11-10,2027-02-10,2027-05-20,딸기 대표 유통·검색 시즌 추정,중
197,과일,딸기,두리향딸기,,2026-11-10,2027-02-10,2027-05-20,딸기 대표 유통·검색 시즌 추정,중
198,과일,딸기,알타킹딸기,,2026-11-10,2027-02-10,2027-05-20,딸기 대표 유통·검색 시즌 추정,중
199,과일,딸기,고슬딸기,,2026-11-10,2027-02-10,2027-05-20,딸기 대표 유통·검색 시즌 추정,중
200,과일,딸기,메리퀸딸기,,2026-11-10,2027-02-10,2027-05-20,딸기 대표 유통·검색 시즌 추정,중
201,과일,딸기,하이베리,,2026-11-10,2027-02-10,2027-05-20,딸기 대표 유통·검색 시즌 추정,중
202,과일,딸기,장희딸기,,2026-11-10,2027-02-10,2027-05-20,딸기 대표 유통·검색 시즌 추정,중
203,과일,딸기,산딸기,,2026-11-10,2027-02-10,2027-05-20,딸기 대표 유통·검색 시즌 추정,중
204,과일,딸기,복분자,,2026-11-10,2027-02-10,2027-05-20,딸기 대표 유통·검색 시즌 추정,중
205,과일,딸기,블랙베리,,2026-11-10,2027-02-10,2027-05-20,딸기 대표 유통·검색 시즌 추정,중
206,과일,딸기,라즈베리,,2026-11-10,2027-02-10,2027-05-20,딸기 대표 유통·검색 시즌 추정,중
207,과일,딸기,화이트딸기,,2026-11-10,2027-02-10,2027-05-20,딸기 대표 유통·검색 시즌 추정,중
208,과일,체리,국산체리,,2026-05-10,2026-06-10,2026-07-20,체리 대표 유통·검색 시즌 추정,중
209,과일,체리,수입체리,,2026-01-01,2026-07-01,2026-12-31,연중 유통형,상
210,과일,체리,레이니어체리,,2026-05-10,2026-06-10,2026-07-20,체리 대표 유통·검색 시즌 추정,중
211,과일,체리,빙체리,,2026-05-10,2026-06-10,2026-07-20,체리 대표 유통·검색 시즌 추정,중
212,과일,체리,스텔라체리,,2026-05-10,2026-06-10,2026-07-20,체리 대표 유통·검색 시즌 추정,중
213,과일,체리,좌등금체리,,2026-05-10,2026-06-10,2026-07-20,체리 대표 유통·검색 시즌 추정,중
214,과일,체리,홍수봉체리,,2026-05-10,2026-06-10,2026-07-20,체리 대표 유통·검색 시즌 추정,중
215,과일,체리,타이톤체리,,2026-05-10,2026-06-10,2026-07-20,체리 대표 유통·검색 시즌 추정,중
216,과일,체리,라핀체리,,2026-05-10,2026-06-10,2026-07-20,체리 대표 유통·검색 시즌 추정,중
217,과일,베리,블루베리,,2026-05-10,2026-06-25,2026-08-15,베리 대표 유통·검색 시즌 추정,중
218,과일,베리,듀크블루베리,,2026-05-10,2026-06-25,2026-08-15,베리 대표 유통·검색 시즌 추정,중
219,과일,베리,레카블루베리,,2026-05-10,2026-06-25,2026-08-15,베리 대표 유통·검색 시즌 추정,중
220,과일,베리,스파르탄블루베리,,2026-05-10,2026-06-25,2026-08-15,베리 대표 유통·검색 시즌 추정,중
221,과일,베리,엘리자베스블루베리,,2026-05-10,2026-06-25,2026-08-15,베리 대표 유통·검색 시즌 추정,중
222,과일,베리,블루크롭블루베리,,2026-05-10,2026-06-25,2026-08-15,베리 대표 유통·검색 시즌 추정,중
223,과일,베리,아로니아,,2026-05-10,2026-06-25,2026-08-15,베리 대표 유통·검색 시즌 추정,중
224,과일,베리,오디,,2026-05-10,2026-06-25,2026-08-15,베리 대표 유통·검색 시즌 추정,중
225,과일,베리,구스베리,,2026-05-10,2026-06-25,2026-08-15,베리 대표 유통·검색 시즌 추정,중
226,과일,베리,커런트,,2026-05-10,2026-06-25,2026-08-15,베리 대표 유통·검색 시즌 추정,중
227,과일,베리,크랜베리,,2026-05-10,2026-06-25,2026-08-15,베리 대표 유통·검색 시즌 추정,중
228,과일,베리,보리수열매,,2026-05-10,2026-06-25,2026-08-15,베리 대표 유통·검색 시즌 추정,중
229,과일,열대과일,애플망고,,2026-01-01,2026-07-01,2026-12-31,열대과일 대표 유통·검색 시즌 추정,중
230,과일,열대과일,무지개망고,,2026-01-01,2026-07-01,2026-12-31,열대과일 대표 유통·검색 시즌 추정,중
231,과일,열대과일,태국망고,,2026-01-01,2026-07-01,2026-12-31,열대과일 대표 유통·검색 시즌 추정,중
232,과일,열대과일,필리핀망고,,2026-01-01,2026-07-01,2026-12-31,열대과일 대표 유통·검색 시즌 추정,중
233,과일,열대과일,페루망고,,2026-01-01,2026-07-01,2026-12-31,열대과일 대표 유통·검색 시즌 추정,중
234,과일,열대과일,브라질망고,,2026-01-01,2026-07-01,2026-12-31,열대과일 대표 유통·검색 시즌 추정,중
235,과일,열대과일,그린망고,,2026-01-01,2026-07-01,2026-12-31,열대과일 대표 유통·검색 시즌 추정,중
236,과일,열대과일,카라바오망고,,2026-01-01,2026-07-01,2026-12-31,열대과일 대표 유통·검색 시즌 추정,중
237,과일,열대과일,남독마이망고,,2026-01-01,2026-07-01,2026-12-31,열대과일 대표 유통·검색 시즌 추정,중
238,과일,열대과일,대만애플망고,,2026-01-01,2026-07-01,2026-12-31,열대과일 대표 유통·검색 시즌 추정,중
239,과일,열대과일,제주애플망고,,2026-01-01,2026-07-01,2026-12-31,열대과일 대표 유통·검색 시즌 추정,중
240,과일,열대과일,파파야,,2026-01-01,2026-07-01,2026-12-31,열대과일 대표 유통·검색 시즌 추정,중
241,과일,열대과일,용과,,2026-01-01,2026-07-01,2026-12-31,열대과일 대표 유통·검색 시즌 추정,중
242,과일,열대과일,백용과,,2026-01-01,2026-07-01,2026-12-31,열대과일 대표 유통·검색 시즌 추정,중
243,과일,열대과일,적용과,,2026-01-01,2026-07-01,2026-12-31,열대과일 대표 유통·검색 시즌 추정,중
244,과일,열대과일,골드키위,,2026-01-01,2026-07-01,2026-12-31,열대과일 대표 유통·검색 시즌 추정,중
245,과일,열대과일,그린키위,,2026-01-01,2026-07-01,2026-12-31,열대과일 대표 유통·검색 시즌 추정,중
246,과일,열대과일,레드키위,,2026-01-01,2026-07-01,2026-12-31,열대과일 대표 유통·검색 시즌 추정,중
247,과일,열대과일,루비골드키위,,2026-01-01,2026-07-01,2026-12-31,열대과일 대표 유통·검색 시즌 추정,중
248,과일,열대과일,참다래,,2026-01-01,2026-07-01,2026-12-31,열대과일 대표 유통·검색 시즌 추정,중
249,과일,열대과일,바나나,,2026-01-01,2026-07-01,2026-12-31,연중 유통형,상
250,과일,열대과일,몽키바나나,,2026-01-01,2026-07-01,2026-12-31,연중 유통형,상
251,과일,열대과일,델몬트바나나,,2026-01-01,2026-07-01,2026-12-31,연중 유통형,상
252,과일,열대과일,파인애플,,2026-01-01,2026-07-01,2026-12-31,연중 유통형,상
253,과일,열대과일,골드파인애플,,2026-01-01,2026-07-01,2026-12-31,연중 유통형,상
254,과일,열대과일,스위티오파인애플,,2026-01-01,2026-07-01,2026-12-31,연중 유통형,상
255,과일,열대과일,아보카도,,2026-01-01,2026-07-01,2026-12-31,연중 유통형,상
256,과일,열대과일,코코넛,,2026-01-01,2026-07-01,2026-12-31,열대과일 대표 유통·검색 시즌 추정,중
257,과일,열대과일,두리안,,2026-01-01,2026-07-01,2026-12-31,연중 유통형,상
258,과일,열대과일,망고스틴,,2026-01-01,2026-07-01,2026-12-31,연중 유통형,상
259,과일,열대과일,람부탄,,2026-01-01,2026-07-01,2026-12-31,열대과일 대표 유통·검색 시즌 추정,중
260,과일,열대과일,리치,,2026-01-01,2026-07-01,2026-12-31,열대과일 대표 유통·검색 시즌 추정,중
261,과일,열대과일,롱간,,2026-01-01,2026-07-01,2026-12-31,열대과일 대표 유통·검색 시즌 추정,중
262,과일,열대과일,패션후르츠,,2026-01-01,2026-07-01,2026-12-31,열대과일 대표 유통·검색 시즌 추정,중
263,과일,열대과일,백향과,,2026-01-01,2026-07-01,2026-12-31,열대과일 대표 유통·검색 시즌 추정,중
264,과일,열대과일,구아바,,2026-01-01,2026-07-01,2026-12-31,열대과일 대표 유통·검색 시즌 추정,중
265,과일,열대과일,스타후르츠,,2026-01-01,2026-07-01,2026-12-31,열대과일 대표 유통·검색 시즌 추정,중
266,과일,열대과일,잭프루트,,2026-01-01,2026-07-01,2026-12-31,열대과일 대표 유통·검색 시즌 추정,중
267,과일,열대과일,체리모야,,2026-01-01,2026-07-01,2026-12-31,열대과일 대표 유통·검색 시즌 추정,중
268,과일,열대과일,포멜로,,2026-01-01,2026-07-01,2026-12-31,열대과일 대표 유통·검색 시즌 추정,중
269,과일,열대과일,자몽,,2026-01-01,2026-07-01,2026-12-31,열대과일 대표 유통·검색 시즌 추정,중
270,과일,열대과일,레몬,,2026-01-01,2026-07-01,2026-12-31,연중 유통형,상
271,과일,열대과일,라임,,2026-01-01,2026-07-01,2026-12-31,연중 유통형,상
272,과일,열대과일,금귤,,2026-01-01,2026-07-01,2026-12-31,열대과일 대표 유통·검색 시즌 추정,중
273,과일,열대과일,유자,,2026-01-01,2026-07-01,2026-12-31,열대과일 대표 유통·검색 시즌 추정,중
274,과일,열대과일,석류,,2026-01-01,2026-07-01,2026-12-31,열대과일 대표 유통·검색 시즌 추정,중
275,과일,열대과일,무화과,,2026-01-01,2026-07-01,2026-12-31,열대과일 대표 유통·검색 시즌 추정,중
276,과일,기타과일,대추,,2026-06-01,2026-09-15,2026-11-30,기타과일 대표 유통·검색 시즌 추정,중
277,과일,기타과일,보은대추,,2026-06-01,2026-09-15,2026-11-30,기타과일 대표 유통·검색 시즌 추정,중
278,과일,기타과일,경산대추,,2026-06-01,2026-09-15,2026-11-30,기타과일 대표 유통·검색 시즌 추정,중
279,과일,기타과일,밤,,2026-06-01,2026-09-15,2026-11-30,기타과일 대표 유통·검색 시즌 추정,중
280,과일,기타과일,옥광밤,,2026-06-01,2026-09-15,2026-11-30,기타과일 대표 유통·검색 시즌 추정,중
281,과일,기타과일,대보밤,,2026-06-01,2026-09-15,2026-11-30,기타과일 대표 유통·검색 시즌 추정,중
282,과일,기타과일,축파밤,,2026-06-01,2026-09-15,2026-11-30,기타과일 대표 유통·검색 시즌 추정,중
283,과일,기타과일,공주밤,,2026-06-01,2026-09-15,2026-11-30,기타과일 대표 유통·검색 시즌 추정,중
284,과일,기타과일,은행,,2026-06-01,2026-09-15,2026-11-30,기타과일 대표 유통·검색 시즌 추정,중
285,과일,기타과일,매실,,2026-06-01,2026-09-15,2026-11-30,기타과일 대표 유통·검색 시즌 추정,중
286,과일,기타과일,청매실,,2026-06-01,2026-09-15,2026-11-30,기타과일 대표 유통·검색 시즌 추정,중
287,과일,기타과일,황매실,,2026-06-01,2026-09-15,2026-11-30,기타과일 대표 유통·검색 시즌 추정,중
288,과일,기타과일,남고매실,,2026-06-01,2026-09-15,2026-11-30,기타과일 대표 유통·검색 시즌 추정,중
289,과일,기타과일,살구,,2026-06-01,2026-09-15,2026-11-30,기타과일 대표 유통·검색 시즌 추정,중
290,과일,기타과일,하코트살구,,2026-06-01,2026-09-15,2026-11-30,기타과일 대표 유통·검색 시즌 추정,중
291,과일,기타과일,양살구,,2026-06-01,2026-09-15,2026-11-30,기타과일 대표 유통·검색 시즌 추정,중
292,과일,기타과일,모과,,2026-06-01,2026-09-15,2026-11-30,기타과일 대표 유통·검색 시즌 추정,중
293,과일,기타과일,다래,,2026-06-01,2026-09-15,2026-11-30,기타과일 대표 유통·검색 시즌 추정,중
294,과일,기타과일,머루,,2026-06-01,2026-09-15,2026-11-30,기타과일 대표 유통·검색 시즌 추정,중
295,과일,기타과일,으름,,2026-06-01,2026-09-15,2026-11-30,기타과일 대표 유통·검색 시즌 추정,중
296,과일,기타과일,개복숭아,,2026-06-01,2026-09-15,2026-11-30,기타과일 대표 유통·검색 시즌 추정,중
297,과일,기타과일,돌배,,2026-06-01,2026-09-15,2026-11-30,기타과일 대표 유통·검색 시즌 추정,중
298,과일,기타과일,꾸지뽕열매,,2026-06-01,2026-09-15,2026-11-30,기타과일 대표 유통·검색 시즌 추정,중
299,채소,엽채류,배추,,2026-01-01,2026-04-20,2026-12-31,엽채류 대표 유통·검색 시즌 추정,중
300,채소,엽채류,봄배추,,2026-01-01,2026-04-20,2026-12-31,엽채류 대표 유통·검색 시즌 추정,중
301,채소,엽채류,여름배추,,2026-12-07,2027-03-31,2026-12-16,엽채류 대표 유통·검색 시즌 추정 / 조생·햇상품 조정,중
302,채소,엽채류,고랭지배추,,2026-01-01,2026-04-20,2026-12-31,엽채류 대표 유통·검색 시즌 추정,중
303,채소,엽채류,가을배추,,2026-01-01,2026-04-20,2026-12-31,엽채류 대표 유통·검색 시즌 추정,중
304,채소,엽채류,월동배추,,2026-01-21,2026-05-15,2027-01-20,엽채류 대표 유통·검색 시즌 추정 / 만생·저장형 조정,중
305,채소,엽채류,얼갈이배추,,2026-01-01,2026-04-20,2026-12-31,엽채류 대표 유통·검색 시즌 추정,중
306,채소,엽채류,쌈배추,,2026-01-01,2026-04-20,2026-12-31,엽채류 대표 유통·검색 시즌 추정,중
307,채소,엽채류,알배기배추,,2026-01-01,2026-04-20,2026-12-31,엽채류 대표 유통·검색 시즌 추정,중
308,채소,엽채류,양배추,,2026-01-01,2026-04-20,2026-12-31,엽채류 대표 유통·검색 시즌 추정,중
309,채소,엽채류,적양배추,,2026-01-01,2026-04-20,2026-12-31,엽채류 대표 유통·검색 시즌 추정,중
310,채소,엽채류,미니양배추,,2026-01-01,2026-04-20,2026-12-31,엽채류 대표 유통·검색 시즌 추정,중
311,채소,엽채류,방울양배추,,2026-01-01,2026-04-20,2026-12-31,엽채류 대표 유통·검색 시즌 추정,중
312,채소,엽채류,곰보배추,,2026-01-01,2026-04-20,2026-12-31,엽채류 대표 유통·검색 시즌 추정,중
313,채소,엽채류,상추,,2026-01-01,2026-04-20,2026-12-31,엽채류 대표 유통·검색 시즌 추정,중
314,채소,엽채류,청상추,,2026-01-01,2026-04-20,2026-12-31,엽채류 대표 유통·검색 시즌 추정,중
315,채소,엽채류,적상추,,2026-01-01,2026-04-20,2026-12-31,엽채류 대표 유통·검색 시즌 추정,중
316,채소,엽채류,꽃상추,,2026-01-01,2026-04-20,2026-12-31,엽채류 대표 유통·검색 시즌 추정,중
317,채소,엽채류,로메인,,2026-01-01,2026-04-20,2026-12-31,엽채류 대표 유통·검색 시즌 추정,중
318,채소,엽채류,버터헤드레터스,,2026-01-01,2026-04-20,2026-12-31,엽채류 대표 유통·검색 시즌 추정,중
319,채소,엽채류,카이피라,,2026-01-01,2026-04-20,2026-12-31,엽채류 대표 유통·검색 시즌 추정,중
320,채소,엽채류,멀티리프,,2026-01-01,2026-04-20,2026-12-31,엽채류 대표 유통·검색 시즌 추정,중
321,채소,엽채류,양상추,,2026-01-01,2026-04-20,2026-12-31,엽채류 대표 유통·검색 시즌 추정,중
322,채소,엽채류,치커리,,2026-01-01,2026-04-20,2026-12-31,엽채류 대표 유통·검색 시즌 추정,중
323,채소,엽채류,적치커리,,2026-01-01,2026-04-20,2026-12-31,엽채류 대표 유통·검색 시즌 추정,중
324,채소,엽채류,라디치오,,2026-01-01,2026-04-20,2026-12-31,엽채류 대표 유통·검색 시즌 추정,중
325,채소,엽채류,케일,,2026-01-01,2026-04-20,2026-12-31,엽채류 대표 유통·검색 시즌 추정,중
326,채소,엽채류,쌈케일,,2026-01-01,2026-04-20,2026-12-31,엽채류 대표 유통·검색 시즌 추정,중
327,채소,엽채류,곱슬케일,,2026-01-01,2026-04-20,2026-12-31,엽채류 대표 유통·검색 시즌 추정,중
328,채소,엽채류,적케일,,2026-01-01,2026-04-20,2026-12-31,엽채류 대표 유통·검색 시즌 추정,중
329,채소,엽채류,청경채,,2026-01-01,2026-04-20,2026-12-31,엽채류 대표 유통·검색 시즌 추정,중
330,채소,엽채류,적청경채,,2026-01-01,2026-04-20,2026-12-31,엽채류 대표 유통·검색 시즌 추정,중
331,채소,엽채류,근대,,2026-01-01,2026-04-20,2026-12-31,엽채류 대표 유통·검색 시즌 추정,중
332,채소,엽채류,적근대,,2026-01-01,2026-04-20,2026-12-31,엽채류 대표 유통·검색 시즌 추정,중
333,채소,엽채류,시금치,,2026-01-01,2026-04-20,2026-12-31,엽채류 대표 유통·검색 시즌 추정,중
334,채소,엽채류,포항초,,2026-01-01,2026-04-20,2026-12-31,엽채류 대표 유통·검색 시즌 추정,중
335,채소,엽채류,섬초,,2026-01-01,2026-04-20,2026-12-31,엽채류 대표 유통·검색 시즌 추정,중
336,채소,엽채류,남해초,,2026-01-01,2026-04-20,2026-12-31,엽채류 대표 유통·검색 시즌 추정,중
337,채소,엽채류,아욱,,2026-01-01,2026-04-20,2026-12-31,엽채류 대표 유통·검색 시즌 추정,중
338,채소,엽채류,쑥갓,,2026-01-01,2026-04-20,2026-12-31,엽채류 대표 유통·검색 시즌 추정,중
339,채소,엽채류,미나리,,2026-01-01,2026-04-20,2026-12-31,엽채류 대표 유통·검색 시즌 추정,중
340,채소,엽채류,돌미나리,,2026-01-01,2026-04-20,2026-12-31,엽채류 대표 유통·검색 시즌 추정,중
341,채소,엽채류,샐러리,,2026-01-01,2026-04-20,2026-12-31,엽채류 대표 유통·검색 시즌 추정,중
342,채소,엽채류,셀러리,,2026-01-01,2026-04-20,2026-12-31,엽채류 대표 유통·검색 시즌 추정,중
343,채소,엽채류,루꼴라,,2026-01-01,2026-04-20,2026-12-31,엽채류 대표 유통·검색 시즌 추정,중
344,채소,엽채류,비타민채,,2026-01-01,2026-04-20,2026-12-31,엽채류 대표 유통·검색 시즌 추정,중
345,채소,엽채류,다채,,2026-01-01,2026-04-20,2026-12-31,엽채류 대표 유통·검색 시즌 추정,중
346,채소,엽채류,엔다이브,,2026-01-01,2026-04-20,2026-12-31,엽채류 대표 유통·검색 시즌 추정,중
347,채소,엽채류,프리제,,2026-01-01,2026-04-20,2026-12-31,엽채류 대표 유통·검색 시즌 추정,중
348,채소,엽채류,콜라비잎,,2026-01-01,2026-04-20,2026-12-31,엽채류 대표 유통·검색 시즌 추정,중
349,채소,엽채류,깻잎,,2026-01-01,2026-04-20,2026-12-31,엽채류 대표 유통·검색 시즌 추정,중
350,채소,엽채류,들깻잎,,2026-01-01,2026-04-20,2026-12-31,엽채류 대표 유통·검색 시즌 추정,중
351,채소,엽채류,신선초,,2026-01-01,2026-04-20,2026-12-31,엽채류 대표 유통·검색 시즌 추정,중
352,채소,엽채류,명일엽,,2026-01-01,2026-04-20,2026-12-31,엽채류 대표 유통·검색 시즌 추정,중
353,채소,나물산채,취나물,,2026-02-20,2026-04-10,2026-06-20,나물산채 대표 유통·검색 시즌 추정,중
354,채소,나물산채,참취,,2026-02-20,2026-04-10,2026-06-20,나물산채 대표 유통·검색 시즌 추정,중
355,채소,나물산채,곰취,,2026-02-20,2026-04-10,2026-06-20,나물산채 대표 유통·검색 시즌 추정,중
356,채소,나물산채,곤드레,,2026-02-20,2026-04-10,2026-06-20,나물산채 대표 유통·검색 시즌 추정,중
357,채소,나물산채,눈개승마,,2026-02-20,2026-04-10,2026-06-20,나물산채 대표 유통·검색 시즌 추정,중
358,채소,나물산채,삼나물,,2026-02-20,2026-04-10,2026-06-20,나물산채 대표 유통·검색 시즌 추정,중
359,채소,나물산채,방풍나물,,2026-02-20,2026-04-10,2026-06-20,나물산채 대표 유통·검색 시즌 추정,중
360,채소,나물산채,갯방풍,,2026-02-20,2026-04-10,2026-06-20,나물산채 대표 유통·검색 시즌 추정,중
361,채소,나물산채,원방풍,,2026-02-20,2026-04-10,2026-06-20,나물산채 대표 유통·검색 시즌 추정,중
362,채소,나물산채,식방풍,,2026-02-20,2026-04-10,2026-06-20,나물산채 대표 유통·검색 시즌 추정,중
363,채소,나물산채,두릅,,2026-02-20,2026-04-10,2026-06-20,나물산채 대표 유통·검색 시즌 추정,중
364,채소,나물산채,참두릅,,2026-02-20,2026-04-10,2026-06-20,나물산채 대표 유통·검색 시즌 추정,중
365,채소,나물산채,개두릅,,2026-02-20,2026-04-10,2026-06-20,나물산채 대표 유통·검색 시즌 추정,중
366,채소,나물산채,땅두릅,,2026-02-20,2026-04-10,2026-06-20,나물산채 대표 유통·검색 시즌 추정,중
367,채소,나물산채,엄나무순,,2026-02-20,2026-04-10,2026-06-20,나물산채 대표 유통·검색 시즌 추정,중
368,채소,나물산채,가시오가피순,,2026-02-20,2026-04-10,2026-06-20,나물산채 대표 유통·검색 시즌 추정,중
369,채소,나물산채,명이나물,,2026-02-20,2026-04-10,2026-06-20,나물산채 대표 유통·검색 시즌 추정,중
370,채소,나물산채,산마늘,,2026-02-20,2026-04-10,2026-06-20,나물산채 대표 유통·검색 시즌 추정,중
371,채소,나물산채,고사리,,2026-02-20,2026-04-10,2026-06-20,나물산채 대표 유통·검색 시즌 추정,중
372,채소,나물산채,건고사리,,2026-02-20,2026-04-10,2026-06-20,나물산채 대표 유통·검색 시즌 추정,중
373,채소,나물산채,고비,,2026-02-20,2026-04-10,2026-06-20,나물산채 대표 유통·검색 시즌 추정,중
374,채소,나물산채,원추리,,2026-02-20,2026-04-10,2026-06-20,나물산채 대표 유통·검색 시즌 추정,중
375,채소,나물산채,참나물,,2026-02-20,2026-04-10,2026-06-20,나물산채 대표 유통·검색 시즌 추정,중
376,채소,나물산채,돌나물,,2026-02-20,2026-04-10,2026-06-20,나물산채 대표 유통·검색 시즌 추정,중
377,채소,나물산채,세발나물,,2026-02-20,2026-04-10,2026-06-20,나물산채 대표 유통·검색 시즌 추정,중
378,채소,나물산채,유채나물,,2026-02-20,2026-04-10,2026-06-20,나물산채 대표 유통·검색 시즌 추정,중
379,채소,나물산채,씀바귀,,2026-02-20,2026-04-10,2026-06-20,나물산채 대표 유통·검색 시즌 추정,중
380,채소,나물산채,냉이,,2026-02-20,2026-04-10,2026-06-20,나물산채 대표 유통·검색 시즌 추정,중
381,채소,나물산채,달래,,2026-02-20,2026-04-10,2026-06-20,나물산채 대표 유통·검색 시즌 추정,중
382,채소,나물산채,쑥,,2026-02-20,2026-04-10,2026-06-20,나물산채 대표 유통·검색 시즌 추정,중
383,채소,나물산채,머위,,2026-02-20,2026-04-10,2026-06-20,나물산채 대표 유통·검색 시즌 추정,중
384,채소,나물산채,머위대,,2026-02-20,2026-04-10,2026-06-20,나물산채 대표 유통·검색 시즌 추정,중
385,채소,나물산채,고구마순,,2026-02-20,2026-04-10,2026-06-20,나물산채 대표 유통·검색 시즌 추정,중
386,채소,나물산채,토란대,,2026-02-20,2026-04-10,2026-06-20,나물산채 대표 유통·검색 시즌 추정,중
387,채소,나물산채,무청시래기,,2026-02-20,2026-04-10,2026-06-20,나물산채 대표 유통·검색 시즌 추정,중
388,채소,나물산채,시래기,,2026-02-20,2026-04-10,2026-06-20,나물산채 대표 유통·검색 시즌 추정,중
389,채소,나물산채,비름나물,,2026-02-20,2026-04-10,2026-06-20,나물산채 대표 유통·검색 시즌 추정,중
390,채소,나물산채,참비름,,2026-02-20,2026-04-10,2026-06-20,나물산채 대표 유통·검색 시즌 추정,중
391,채소,나물산채,방아잎,,2026-02-20,2026-04-10,2026-06-20,나물산채 대표 유통·검색 시즌 추정,중
392,채소,나물산채,질경이,,2026-02-20,2026-04-10,2026-06-20,나물산채 대표 유통·검색 시즌 추정,중
393,채소,나물산채,민들레,,2026-02-20,2026-04-10,2026-06-20,나물산채 대표 유통·검색 시즌 추정,중
394,채소,나물산채,어수리,,2026-02-20,2026-04-10,2026-06-20,나물산채 대표 유통·검색 시즌 추정,중
395,채소,나물산채,부지깽이나물,,2026-02-20,2026-04-10,2026-06-20,나물산채 대표 유통·검색 시즌 추정,중
396,채소,나물산채,참죽나물,,2026-02-20,2026-04-10,2026-06-20,나물산채 대표 유통·검색 시즌 추정,중
397,채소,근채류,무,,2026-08-20,2026-10-20,2026-12-20,근채류 대표 유통·검색 시즌 추정,중
398,채소,근채류,봄무,,2026-08-20,2026-10-20,2026-12-20,근채류 대표 유통·검색 시즌 추정,중
399,채소,근채류,여름무,,2026-07-26,2026-09-30,2026-12-05,근채류 대표 유통·검색 시즌 추정 / 조생·햇상품 조정,중
400,채소,근채류,고랭지무,,2026-08-20,2026-10-20,2026-12-20,근채류 대표 유통·검색 시즌 추정,중
401,채소,근채류,가을무,,2026-08-20,2026-10-20,2026-12-20,근채류 대표 유통·검색 시즌 추정,중
402,채소,근채류,월동무,,2026-09-09,2026-11-14,2027-01-09,근채류 대표 유통·검색 시즌 추정 / 만생·저장형 조정,중
403,채소,근채류,제주무,,2026-08-20,2026-10-20,2026-12-20,근채류 대표 유통·검색 시즌 추정,중
404,채소,근채류,총각무,,2026-08-20,2026-10-20,2026-12-20,근채류 대표 유통·검색 시즌 추정,중
405,채소,근채류,알타리무,,2026-08-20,2026-10-20,2026-12-20,근채류 대표 유통·검색 시즌 추정,중
406,채소,근채류,열무,,2026-08-20,2026-10-20,2026-12-20,근채류 대표 유통·검색 시즌 추정,중
407,채소,근채류,초롱무,,2026-08-20,2026-10-20,2026-12-20,근채류 대표 유통·검색 시즌 추정,중
408,채소,근채류,동치미무,,2026-08-20,2026-10-20,2026-12-20,근채류 대표 유통·검색 시즌 추정,중
409,채소,근채류,순무,,2026-08-20,2026-10-20,2026-12-20,근채류 대표 유통·검색 시즌 추정,중
410,채소,근채류,강화순무,,2026-08-20,2026-10-20,2026-12-20,근채류 대표 유통·검색 시즌 추정,중
411,채소,근채류,래디시,,2026-08-20,2026-10-20,2026-12-20,근채류 대표 유통·검색 시즌 추정,중
412,채소,근채류,비트,,2026-08-20,2026-10-20,2026-12-20,근채류 대표 유통·검색 시즌 추정,중
413,채소,근채류,레드비트,,2026-08-20,2026-10-20,2026-12-20,근채류 대표 유통·검색 시즌 추정,중
414,채소,근채류,골든비트,,2026-08-20,2026-10-20,2026-12-20,근채류 대표 유통·검색 시즌 추정,중
415,채소,근채류,당근,,2026-08-20,2026-10-20,2026-12-20,근채류 대표 유통·검색 시즌 추정,중
416,채소,근채류,흙당근,,2026-08-20,2026-10-20,2026-12-20,근채류 대표 유통·검색 시즌 추정,중
417,채소,근채류,세척당근,,2026-08-20,2026-10-20,2026-12-20,근채류 대표 유통·검색 시즌 추정,중
418,채소,근채류,미니당근,,2026-08-20,2026-10-20,2026-12-20,근채류 대표 유통·검색 시즌 추정,중
419,채소,근채류,우엉,,2026-08-20,2026-10-20,2026-12-20,근채류 대표 유통·검색 시즌 추정,중
420,채소,근채류,연근,,2026-08-20,2026-10-20,2026-12-20,근채류 대표 유통·검색 시즌 추정,중
421,채소,근채류,더덕,,2026-08-20,2026-10-20,2026-12-20,근채류 대표 유통·검색 시즌 추정,중
422,채소,근채류,도라지,,2026-08-20,2026-10-20,2026-12-20,근채류 대표 유통·검색 시즌 추정,중
423,채소,근채류,마,,2026-08-20,2026-10-20,2026-12-20,근채류 대표 유통·검색 시즌 추정,중
424,채소,근채류,장마,,2026-08-20,2026-10-20,2026-12-20,근채류 대표 유통·검색 시즌 추정,중
425,채소,근채류,단마,,2026-08-20,2026-10-20,2026-12-20,근채류 대표 유통·검색 시즌 추정,중
426,채소,근채류,둥근마,,2026-08-20,2026-10-20,2026-12-20,근채류 대표 유통·검색 시즌 추정,중
427,채소,근채류,열매마,,2026-08-20,2026-10-20,2026-12-20,근채류 대표 유통·검색 시즌 추정,중
428,채소,근채류,야콘,,2026-08-20,2026-10-20,2026-12-20,근채류 대표 유통·검색 시즌 추정,중
429,채소,근채류,토란,,2026-08-20,2026-10-20,2026-12-20,근채류 대표 유통·검색 시즌 추정,중
430,채소,근채류,콜라비,,2026-08-20,2026-10-20,2026-12-20,근채류 대표 유통·검색 시즌 추정,중
431,채소,근채류,셀러리악,,2026-08-20,2026-10-20,2026-12-20,근채류 대표 유통·검색 시즌 추정,중
432,채소,근채류,파스닙,,2026-08-20,2026-10-20,2026-12-20,근채류 대표 유통·검색 시즌 추정,중
433,채소,과채류,토마토,,2026-04-01,2026-07-01,2026-10-10,과채류 대표 유통·검색 시즌 추정,중
434,채소,과채류,완숙토마토,,2026-04-01,2026-07-01,2026-10-10,과채류 대표 유통·검색 시즌 추정,중
435,채소,과채류,찰토마토,,2026-04-01,2026-07-01,2026-10-10,과채류 대표 유통·검색 시즌 추정,중
436,채소,과채류,대저토마토,,2026-04-01,2026-07-01,2026-10-10,과채류 대표 유통·검색 시즌 추정,중
437,채소,과채류,짭짤이토마토,,2026-04-01,2026-07-01,2026-10-10,과채류 대표 유통·검색 시즌 추정,중
438,채소,과채류,흑토마토,,2026-04-01,2026-07-01,2026-10-10,과채류 대표 유통·검색 시즌 추정,중
439,채소,과채류,쿠마토,,2026-04-01,2026-07-01,2026-10-10,과채류 대표 유통·검색 시즌 추정,중
440,채소,과채류,방울토마토,,2026-04-01,2026-07-01,2026-10-10,과채류 대표 유통·검색 시즌 추정,중
441,채소,과채류,대추방울토마토,,2026-04-01,2026-07-01,2026-10-10,과채류 대표 유통·검색 시즌 추정,중
442,채소,과채류,스테비아토마토,,2026-04-01,2026-07-01,2026-10-10,과채류 대표 유통·검색 시즌 추정,중
443,채소,과채류,노란방울토마토,,2026-04-01,2026-07-01,2026-10-10,과채류 대표 유통·검색 시즌 추정,중
444,채소,과채류,주황방울토마토,,2026-04-01,2026-07-01,2026-10-10,과채류 대표 유통·검색 시즌 추정,중
445,채소,과채류,송이토마토,,2026-04-01,2026-07-01,2026-10-10,과채류 대표 유통·검색 시즌 추정,중
446,채소,과채류,마리네이드토마토,,2026-04-01,2026-07-01,2026-10-10,과채류 대표 유통·검색 시즌 추정,중
447,채소,과채류,오이,,2026-04-01,2026-07-01,2026-10-10,과채류 대표 유통·검색 시즌 추정,중
448,채소,과채류,백다다기오이,,2026-04-01,2026-07-01,2026-10-10,과채류 대표 유통·검색 시즌 추정,중
449,채소,과채류,취청오이,,2026-04-01,2026-07-01,2026-10-10,과채류 대표 유통·검색 시즌 추정,중
450,채소,과채류,가시오이,,2026-04-01,2026-07-01,2026-10-10,과채류 대표 유통·검색 시즌 추정,중
451,채소,과채류,노각,,2026-04-01,2026-07-01,2026-10-10,과채류 대표 유통·검색 시즌 추정,중
452,채소,과채류,미니오이,,2026-04-01,2026-07-01,2026-10-10,과채류 대표 유통·검색 시즌 추정,중
453,채소,과채류,피클오이,,2026-04-01,2026-07-01,2026-10-10,과채류 대표 유통·검색 시즌 추정,중
454,채소,과채류,가지,,2026-04-01,2026-07-01,2026-10-10,과채류 대표 유통·검색 시즌 추정,중
455,채소,과채류,흑가지,,2026-04-01,2026-07-01,2026-10-10,과채류 대표 유통·검색 시즌 추정,중
456,채소,과채류,백가지,,2026-04-01,2026-07-01,2026-10-10,과채류 대표 유통·검색 시즌 추정,중
457,채소,과채류,청가지,,2026-04-01,2026-07-01,2026-10-10,과채류 대표 유통·검색 시즌 추정,중
458,채소,과채류,가지고추,,2026-04-01,2026-07-01,2026-10-10,과채류 대표 유통·검색 시즌 추정,중
459,채소,과채류,애호박,,2026-04-01,2026-07-01,2026-10-10,과채류 대표 유통·검색 시즌 추정,중
460,채소,과채류,쥬키니호박,,2026-04-01,2026-07-01,2026-10-10,과채류 대표 유통·검색 시즌 추정,중
461,채소,과채류,단호박,,2026-04-01,2026-07-01,2026-10-10,과채류 대표 유통·검색 시즌 추정,중
462,채소,과채류,미니단호박,,2026-04-01,2026-07-01,2026-10-10,과채류 대표 유통·검색 시즌 추정,중
463,채소,과채류,밤호박,,2026-04-01,2026-07-01,2026-10-10,과채류 대표 유통·검색 시즌 추정,중
464,채소,과채류,보우짱단호박,,2026-04-01,2026-07-01,2026-10-10,과채류 대표 유통·검색 시즌 추정,중
465,채소,과채류,늙은호박,,2026-04-01,2026-07-01,2026-10-10,과채류 대표 유통·검색 시즌 추정,중
466,채소,과채류,맷돌호박,,2026-04-01,2026-07-01,2026-10-10,과채류 대표 유통·검색 시즌 추정,중
467,채소,과채류,땅콩호박,,2026-04-01,2026-07-01,2026-10-10,과채류 대표 유통·검색 시즌 추정,중
468,채소,과채류,조선호박,,2026-04-01,2026-07-01,2026-10-10,과채류 대표 유통·검색 시즌 추정,중
469,채소,과채류,풋호박,,2026-03-07,2026-06-11,2026-09-25,과채류 대표 유통·검색 시즌 추정 / 조생·햇상품 조정,중
470,채소,과채류,수세미,,2026-04-01,2026-07-01,2026-10-10,과채류 대표 유통·검색 시즌 추정,중
471,채소,과채류,여주,,2026-04-01,2026-07-01,2026-10-10,과채류 대표 유통·검색 시즌 추정,중
472,채소,과채류,파프리카,,2026-04-01,2026-07-01,2026-10-10,과채류 대표 유통·검색 시즌 추정,중
473,채소,과채류,빨강파프리카,,2026-04-01,2026-07-01,2026-10-10,과채류 대표 유통·검색 시즌 추정,중
474,채소,과채류,노랑파프리카,,2026-04-01,2026-07-01,2026-10-10,과채류 대표 유통·검색 시즌 추정,중
475,채소,과채류,주황파프리카,,2026-04-01,2026-07-01,2026-10-10,과채류 대표 유통·검색 시즌 추정,중
476,채소,과채류,미니파프리카,,2026-04-01,2026-07-01,2026-10-10,과채류 대표 유통·검색 시즌 추정,중
477,채소,과채류,피망,,2026-04-01,2026-07-01,2026-10-10,과채류 대표 유통·검색 시즌 추정,중
478,채소,과채류,청피망,,2026-04-01,2026-07-01,2026-10-10,과채류 대표 유통·검색 시즌 추정,중
479,채소,과채류,홍피망,,2026-04-01,2026-07-01,2026-10-10,과채류 대표 유통·검색 시즌 추정,중
480,채소,과채류,아삭이고추,,2026-04-01,2026-07-01,2026-10-10,과채류 대표 유통·검색 시즌 추정,중
481,채소,과채류,오이고추,,2026-04-01,2026-07-01,2026-10-10,과채류 대표 유통·검색 시즌 추정,중
482,채소,과채류,풋고추,,2026-03-07,2026-06-11,2026-09-25,과채류 대표 유통·검색 시즌 추정 / 조생·햇상품 조정,중
483,채소,과채류,청양고추,,2026-04-01,2026-07-01,2026-10-10,과채류 대표 유통·검색 시즌 추정,중
484,채소,과채류,홍고추,,2026-04-01,2026-07-01,2026-10-10,과채류 대표 유통·검색 시즌 추정,중
485,채소,과채류,꽈리고추,,2026-04-01,2026-07-01,2026-10-10,과채류 대표 유통·검색 시즌 추정,중
486,채소,과채류,할라피뇨,,2026-04-01,2026-07-01,2026-10-10,과채류 대표 유통·검색 시즌 추정,중
487,채소,과채류,페페론치노,,2026-04-01,2026-07-01,2026-10-10,과채류 대표 유통·검색 시즌 추정,중
488,채소,과채류,파드론고추,,2026-04-01,2026-07-01,2026-10-10,과채류 대표 유통·검색 시즌 추정,중
489,채소,파마늘류,대파,,2026-04-20,2026-06-10,2026-08-20,파마늘류 대표 유통·검색 시즌 추정,중
490,채소,파마늘류,흙대파,,2026-04-20,2026-06-10,2026-08-20,파마늘류 대표 유통·검색 시즌 추정,중
491,채소,파마늘류,깐대파,,2026-04-20,2026-06-10,2026-08-20,파마늘류 대표 유통·검색 시즌 추정,중
492,채소,파마늘류,실파,,2026-04-20,2026-06-10,2026-08-20,파마늘류 대표 유통·검색 시즌 추정,중
493,채소,파마늘류,쪽파,,2026-04-20,2026-06-10,2026-08-20,파마늘류 대표 유통·검색 시즌 추정,중
494,채소,파마늘류,잔파,,2026-04-20,2026-06-10,2026-08-20,파마늘류 대표 유통·검색 시즌 추정,중
495,채소,파마늘류,양파,,2026-04-20,2026-06-10,2026-08-20,파마늘류 대표 유통·검색 시즌 추정,중
496,채소,파마늘류,햇양파,,2026-03-26,2026-05-21,2026-08-05,파마늘류 대표 유통·검색 시즌 추정 / 조생·햇상품 조정,중
497,채소,파마늘류,저장양파,,2026-05-10,2026-07-05,2026-09-09,파마늘류 대표 유통·검색 시즌 추정 / 만생·저장형 조정,중
498,채소,파마늘류,자색양파,,2026-04-20,2026-06-10,2026-08-20,파마늘류 대표 유통·검색 시즌 추정,중
499,채소,파마늘류,샬롯,,2026-04-20,2026-06-10,2026-08-20,파마늘류 대표 유통·검색 시즌 추정,중
500,채소,파마늘류,마늘,,2026-04-20,2026-06-10,2026-08-20,파마늘류 대표 유통·검색 시즌 추정,중
501,채소,파마늘류,햇마늘,,2026-03-26,2026-05-21,2026-08-05,파마늘류 대표 유통·검색 시즌 추정 / 조생·햇상품 조정,중
502,채소,파마늘류,통마늘,,2026-04-20,2026-06-10,2026-08-20,파마늘류 대표 유통·검색 시즌 추정,중
503,채소,파마늘류,깐마늘,,2026-04-20,2026-06-10,2026-08-20,파마늘류 대표 유통·검색 시즌 추정,중
504,채소,파마늘류,대서마늘,,2026-04-20,2026-06-10,2026-08-20,파마늘류 대표 유통·검색 시즌 추정,중
505,채소,파마늘류,남도마늘,,2026-04-20,2026-06-10,2026-08-20,파마늘류 대표 유통·검색 시즌 추정,중
506,채소,파마늘류,의성마늘,,2026-04-20,2026-06-10,2026-08-20,파마늘류 대표 유통·검색 시즌 추정,중
507,채소,파마늘류,한지형마늘,,2026-04-20,2026-06-10,2026-08-20,파마늘류 대표 유통·검색 시즌 추정,중
508,채소,파마늘류,난지형마늘,,2026-04-20,2026-06-10,2026-08-20,파마늘류 대표 유통·검색 시즌 추정,중
509,채소,파마늘류,코끼리마늘,,2026-04-20,2026-06-10,2026-08-20,파마늘류 대표 유통·검색 시즌 추정,중
510,채소,파마늘류,풋마늘,,2026-03-26,2026-05-21,2026-08-05,파마늘류 대표 유통·검색 시즌 추정 / 조생·햇상품 조정,중
511,채소,파마늘류,마늘종,,2026-04-20,2026-06-10,2026-08-20,파마늘류 대표 유통·검색 시즌 추정,중
512,채소,파마늘류,부추,,2026-04-20,2026-06-10,2026-08-20,파마늘류 대표 유통·검색 시즌 추정,중
513,채소,파마늘류,영양부추,,2026-04-20,2026-06-10,2026-08-20,파마늘류 대표 유통·검색 시즌 추정,중
514,채소,파마늘류,두메부추,,2026-04-20,2026-06-10,2026-08-20,파마늘류 대표 유통·검색 시즌 추정,중
515,채소,파마늘류,삼채,,2026-04-20,2026-06-10,2026-08-20,파마늘류 대표 유통·검색 시즌 추정,중
516,채소,콩류,풋콩,,2026-05-07,2026-06-30,2026-09-25,콩류 대표 유통·검색 시즌 추정 / 조생·햇상품 조정,중
517,채소,콩류,서리태풋콩,,2026-05-07,2026-06-30,2026-09-25,콩류 대표 유통·검색 시즌 추정 / 조생·햇상품 조정,중
518,채소,콩류,완두콩,,2026-06-01,2026-07-20,2026-10-10,콩류 대표 유통·검색 시즌 추정,중
519,채소,콩류,스냅완두,,2026-06-01,2026-07-20,2026-10-10,콩류 대표 유통·검색 시즌 추정,중
520,채소,콩류,그린빈,,2026-06-01,2026-07-20,2026-10-10,콩류 대표 유통·검색 시즌 추정,중
521,채소,콩류,강낭콩,,2026-06-01,2026-07-20,2026-10-10,콩류 대표 유통·검색 시즌 추정,중
522,채소,콩류,울타리콩,,2026-06-01,2026-07-20,2026-10-10,콩류 대표 유통·검색 시즌 추정,중
523,채소,콩류,호랑이콩,,2026-06-01,2026-07-20,2026-10-10,콩류 대표 유통·검색 시즌 추정,중
524,채소,콩류,동부콩,,2026-06-01,2026-07-20,2026-10-10,콩류 대표 유통·검색 시즌 추정,중
525,채소,콩류,작두콩,,2026-06-01,2026-07-20,2026-10-10,콩류 대표 유통·검색 시즌 추정,중
526,채소,콩류,렌틸콩,,2026-06-01,2026-07-20,2026-10-10,콩류 대표 유통·검색 시즌 추정,중
527,채소,콩류,병아리콩,,2026-06-01,2026-07-20,2026-10-10,콩류 대표 유통·검색 시즌 추정,중
528,채소,콩류,콩나물콩,,2026-06-01,2026-07-20,2026-10-10,콩류 대표 유통·검색 시즌 추정,중
529,채소,콩류,메주콩,,2026-06-01,2026-07-20,2026-10-10,콩류 대표 유통·검색 시즌 추정,중
530,채소,콩류,백태,,2026-06-01,2026-07-20,2026-10-10,콩류 대표 유통·검색 시즌 추정,중
531,채소,콩류,서리태,,2026-06-01,2026-07-20,2026-10-10,콩류 대표 유통·검색 시즌 추정,중
532,채소,콩류,쥐눈이콩,,2026-06-01,2026-07-20,2026-10-10,콩류 대표 유통·검색 시즌 추정,중
533,채소,콩류,약콩,,2026-06-01,2026-07-20,2026-10-10,콩류 대표 유통·검색 시즌 추정,중
534,채소,콩류,흑태,,2026-06-01,2026-07-20,2026-10-10,콩류 대표 유통·검색 시즌 추정,중
535,채소,콩류,청태,,2026-06-01,2026-07-20,2026-10-10,콩류 대표 유통·검색 시즌 추정,중
536,채소,콩류,팥,,2026-06-01,2026-07-20,2026-10-10,콩류 대표 유통·검색 시즌 추정,중
537,채소,콩류,적두,,2026-06-01,2026-07-20,2026-10-10,콩류 대표 유통·검색 시즌 추정,중
538,채소,콩류,녹두,,2026-06-01,2026-07-20,2026-10-10,콩류 대표 유통·검색 시즌 추정,중
539,채소,콩류,검정콩,,2026-06-01,2026-07-20,2026-10-10,콩류 대표 유통·검색 시즌 추정,중
540,채소,옥수수,찰옥수수,,2026-05-20,2026-07-10,2026-09-10,옥수수 대표 유통·검색 시즌 추정,중
541,채소,옥수수,흑찰옥수수,,2026-05-20,2026-07-10,2026-09-10,옥수수 대표 유통·검색 시즌 추정,중
542,채소,옥수수,미백찰옥수수,,2026-05-20,2026-07-10,2026-09-10,옥수수 대표 유통·검색 시즌 추정,중
543,채소,옥수수,대학찰옥수수,,2026-05-20,2026-07-10,2026-09-10,옥수수 대표 유통·검색 시즌 추정,중
544,채소,옥수수,초당옥수수,,2026-05-10,2026-06-15,2026-08-10,세부품목 우선 시즌값,상
545,채소,옥수수,골드초당옥수수,,2026-05-20,2026-07-10,2026-09-10,옥수수 대표 유통·검색 시즌 추정,중
546,채소,옥수수,화이트초당옥수수,,2026-05-20,2026-07-10,2026-09-10,옥수수 대표 유통·검색 시즌 추정,중
547,채소,옥수수,흑점찰옥수수,,2026-05-20,2026-07-10,2026-09-10,옥수수 대표 유통·검색 시즌 추정,중
548,채소,옥수수,강원도찰옥수수,,2026-05-20,2026-07-10,2026-09-10,옥수수 대표 유통·검색 시즌 추정,중
549,채소,옥수수,괴산대학찰옥수수,,2026-05-20,2026-07-10,2026-09-10,옥수수 대표 유통·검색 시즌 추정,중
550,채소,옥수수,캔디옥수수,,2026-05-20,2026-07-10,2026-09-10,옥수수 대표 유통·검색 시즌 추정,중
551,채소,새싹어린잎,콩나물,,2026-01-01,2026-06-01,2026-12-31,새싹어린잎 대표 유통·검색 시즌 추정,중
552,채소,새싹어린잎,숙주나물,,2026-01-01,2026-06-01,2026-12-31,새싹어린잎 대표 유통·검색 시즌 추정,중
553,채소,새싹어린잎,무순,,2026-01-01,2026-06-01,2026-12-31,새싹어린잎 대표 유통·검색 시즌 추정,중
554,채소,새싹어린잎,알팔파새싹,,2026-01-01,2026-06-01,2026-12-31,새싹어린잎 대표 유통·검색 시즌 추정,중
555,채소,새싹어린잎,브로콜리새싹,,2026-01-01,2026-06-01,2026-12-31,새싹어린잎 대표 유통·검색 시즌 추정,중
556,채소,새싹어린잎,적무새싹,,2026-01-01,2026-06-01,2026-12-31,새싹어린잎 대표 유통·검색 시즌 추정,중
557,채소,새싹어린잎,청경채새싹,,2026-01-01,2026-06-01,2026-12-31,새싹어린잎 대표 유통·검색 시즌 추정,중
558,채소,새싹어린잎,보리새싹,,2026-01-01,2026-06-01,2026-12-31,새싹어린잎 대표 유통·검색 시즌 추정,중
559,채소,새싹어린잎,밀싹,,2026-01-01,2026-06-01,2026-12-31,새싹어린잎 대표 유통·검색 시즌 추정,중
560,채소,새싹어린잎,어린잎채소,,2026-01-01,2026-06-01,2026-12-31,새싹어린잎 대표 유통·검색 시즌 추정,중
561,채소,새싹어린잎,베이비채소,,2026-01-01,2026-06-01,2026-12-31,새싹어린잎 대표 유통·검색 시즌 추정,중
562,채소,새싹어린잎,마이크로그린,,2026-01-01,2026-06-01,2026-12-31,새싹어린잎 대표 유통·검색 시즌 추정,중
563,채소,새싹어린잎,새싹삼,,2026-01-01,2026-06-01,2026-12-31,새싹어린잎 대표 유통·검색 시즌 추정,중
564,채소,서양채소,브로콜리,,2026-03-15,2026-06-01,2026-11-15,서양채소 대표 유통·검색 시즌 추정,중
565,채소,서양채소,콜리플라워,,2026-03-15,2026-06-01,2026-11-15,서양채소 대표 유통·검색 시즌 추정,중
566,채소,서양채소,로마네스코,,2026-03-15,2026-06-01,2026-11-15,서양채소 대표 유통·검색 시즌 추정,중
567,채소,서양채소,아스파라거스,,2026-03-15,2026-06-01,2026-11-15,서양채소 대표 유통·검색 시즌 추정,중
568,채소,서양채소,아티초크,,2026-03-15,2026-06-01,2026-11-15,서양채소 대표 유통·검색 시즌 추정,중
569,채소,서양채소,펜넬,,2026-03-15,2026-06-01,2026-11-15,서양채소 대표 유통·검색 시즌 추정,중
570,채소,서양채소,오크라,,2026-03-15,2026-06-01,2026-11-15,서양채소 대표 유통·검색 시즌 추정,중
571,채소,서양채소,리크,,2026-03-15,2026-06-01,2026-11-15,서양채소 대표 유통·검색 시즌 추정,중
572,채소,서양채소,라디키오,,2026-03-15,2026-06-01,2026-11-15,서양채소 대표 유통·검색 시즌 추정,중
573,채소,서양채소,콜라드그린,,2026-03-15,2026-06-01,2026-11-15,서양채소 대표 유통·검색 시즌 추정,중
574,채소,서양채소,스위스차드,,2026-03-15,2026-06-01,2026-11-15,서양채소 대표 유통·검색 시즌 추정,중
575,채소,서양채소,비트잎,,2026-03-15,2026-06-01,2026-11-15,서양채소 대표 유통·검색 시즌 추정,중
576,채소,서양채소,차요테,,2026-03-15,2026-06-01,2026-11-15,서양채소 대표 유통·검색 시즌 추정,중
577,채소,서양채소,브뤼셀스프라우트,,2026-03-15,2026-06-01,2026-11-15,서양채소 대표 유통·검색 시즌 추정,중
578,채소,기타채소,죽순,,2026-03-01,2026-06-01,2026-10-31,기타채소 대표 유통·검색 시즌 추정,중
579,채소,기타채소,맹종죽순,,2026-03-01,2026-06-01,2026-10-31,기타채소 대표 유통·검색 시즌 추정,중
580,채소,기타채소,분죽순,,2026-03-01,2026-06-01,2026-10-31,기타채소 대표 유통·검색 시즌 추정,중
581,채소,기타채소,생강,,2026-03-01,2026-06-01,2026-10-31,기타채소 대표 유통·검색 시즌 추정,중
582,채소,기타채소,햇생강,,2026-02-04,2026-05-12,2026-10-16,기타채소 대표 유통·검색 시즌 추정 / 조생·햇상품 조정,중
583,채소,기타채소,구강,,2026-03-01,2026-06-01,2026-10-31,기타채소 대표 유통·검색 시즌 추정,중
584,채소,기타채소,강황,,2026-03-01,2026-06-01,2026-10-31,기타채소 대표 유통·검색 시즌 추정,중
585,채소,기타채소,울금,,2026-03-01,2026-06-01,2026-10-31,기타채소 대표 유통·검색 시즌 추정,중
586,채소,기타채소,고수,,2026-03-01,2026-06-01,2026-10-31,기타채소 대표 유통·검색 시즌 추정,중
587,채소,기타채소,향채,,2026-03-01,2026-06-01,2026-10-31,기타채소 대표 유통·검색 시즌 추정,중
588,채소,기타채소,딜,,2026-03-01,2026-06-01,2026-10-31,기타채소 대표 유통·검색 시즌 추정,중
589,채소,기타채소,바질,,2026-03-01,2026-06-01,2026-10-31,기타채소 대표 유통·검색 시즌 추정,중
590,채소,기타채소,타임,,2026-03-01,2026-06-01,2026-10-31,기타채소 대표 유통·검색 시즌 추정,중
591,채소,기타채소,로즈마리,,2026-03-01,2026-06-01,2026-10-31,기타채소 대표 유통·검색 시즌 추정,중
592,채소,기타채소,민트,,2026-03-01,2026-06-01,2026-10-31,기타채소 대표 유통·검색 시즌 추정,중
593,채소,기타채소,애플민트,,2026-03-01,2026-06-01,2026-10-31,기타채소 대표 유통·검색 시즌 추정,중
594,채소,기타채소,페퍼민트,,2026-03-01,2026-06-01,2026-10-31,기타채소 대표 유통·검색 시즌 추정,중
595,채소,기타채소,레몬밤,,2026-01-01,2026-07-01,2026-12-31,연중 유통형,상
596,채소,기타채소,레몬그라스,,2026-01-01,2026-07-01,2026-12-31,연중 유통형,상
597,채소,기타채소,고추냉이잎,,2026-03-01,2026-06-01,2026-10-31,기타채소 대표 유통·검색 시즌 추정,중
598,채소,기타채소,와사비잎,,2026-03-01,2026-06-01,2026-10-31,기타채소 대표 유통·검색 시즌 추정,중
599,버섯,재배버섯,표고버섯,,2026-01-01,2026-06-01,2026-12-31,재배버섯 대표 유통·검색 시즌 추정,중
600,버섯,재배버섯,생표고,,2026-01-01,2026-06-01,2026-12-31,재배버섯 대표 유통·검색 시즌 추정,중
601,버섯,재배버섯,건표고,,2026-01-01,2026-06-01,2026-12-31,연중 유통·재배형,상
602,버섯,재배버섯,화고,,2026-01-01,2026-06-01,2026-12-31,재배버섯 대표 유통·검색 시즌 추정,중
603,버섯,재배버섯,백화고,,2026-01-01,2026-06-01,2026-12-31,재배버섯 대표 유통·검색 시즌 추정,중
604,버섯,재배버섯,흑화고,,2026-01-01,2026-06-01,2026-12-31,재배버섯 대표 유통·검색 시즌 추정,중
605,버섯,재배버섯,향고,,2026-01-01,2026-06-01,2026-12-31,재배버섯 대표 유통·검색 시즌 추정,중
606,버섯,재배버섯,동고,,2026-01-01,2026-06-01,2026-12-31,재배버섯 대표 유통·검색 시즌 추정,중
607,버섯,재배버섯,느타리버섯,,2026-01-01,2026-06-01,2026-12-31,재배버섯 대표 유통·검색 시즌 추정,중
608,버섯,재배버섯,참타리버섯,,2026-01-01,2026-06-01,2026-12-31,재배버섯 대표 유통·검색 시즌 추정,중
609,버섯,재배버섯,맛타리버섯,,2026-01-01,2026-06-01,2026-12-31,재배버섯 대표 유통·검색 시즌 추정,중
610,버섯,재배버섯,새송이버섯,,2026-01-01,2026-06-01,2026-12-31,재배버섯 대표 유통·검색 시즌 추정,중
611,버섯,재배버섯,미니새송이,,2026-01-01,2026-06-01,2026-12-31,재배버섯 대표 유통·검색 시즌 추정,중
612,버섯,재배버섯,팽이버섯,,2026-01-01,2026-06-01,2026-12-31,재배버섯 대표 유통·검색 시즌 추정,중
613,버섯,재배버섯,황금팽이버섯,,2026-01-01,2026-06-01,2026-12-31,재배버섯 대표 유통·검색 시즌 추정,중
614,버섯,재배버섯,갈색팽이버섯,,2026-01-01,2026-06-01,2026-12-31,재배버섯 대표 유통·검색 시즌 추정,중
615,버섯,재배버섯,만가닥버섯,,2026-01-01,2026-06-01,2026-12-31,재배버섯 대표 유통·검색 시즌 추정,중
616,버섯,재배버섯,백만가닥버섯,,2026-01-01,2026-06-01,2026-12-31,재배버섯 대표 유통·검색 시즌 추정,중
617,버섯,재배버섯,갈색만가닥버섯,,2026-01-01,2026-06-01,2026-12-31,재배버섯 대표 유통·검색 시즌 추정,중
618,버섯,재배버섯,양송이버섯,,2026-01-01,2026-06-01,2026-12-31,재배버섯 대표 유통·검색 시즌 추정,중
619,버섯,재배버섯,백색양송이,,2026-01-01,2026-06-01,2026-12-31,재배버섯 대표 유통·검색 시즌 추정,중
620,버섯,재배버섯,갈색양송이,,2026-01-01,2026-06-01,2026-12-31,재배버섯 대표 유통·검색 시즌 추정,중
621,버섯,재배버섯,목이버섯,,2026-01-01,2026-06-01,2026-12-31,재배버섯 대표 유통·검색 시즌 추정,중
622,버섯,재배버섯,흰목이버섯,,2026-01-01,2026-06-01,2026-12-31,재배버섯 대표 유통·검색 시즌 추정,중
623,버섯,재배버섯,꽃송이버섯,,2026-01-01,2026-06-01,2026-12-31,재배버섯 대표 유통·검색 시즌 추정,중
624,버섯,재배버섯,노루궁뎅이버섯,,2026-01-01,2026-06-01,2026-12-31,재배버섯 대표 유통·검색 시즌 추정,중
625,버섯,재배버섯,잎새버섯,,2026-01-01,2026-06-01,2026-12-31,재배버섯 대표 유통·검색 시즌 추정,중
626,버섯,재배버섯,버들송이버섯,,2026-01-01,2026-06-01,2026-12-31,재배버섯 대표 유통·검색 시즌 추정,중
627,버섯,재배버섯,황금맛버섯,,2026-01-01,2026-06-01,2026-12-31,재배버섯 대표 유통·검색 시즌 추정,중
628,버섯,재배버섯,동충하초,,2026-01-01,2026-06-01,2026-12-31,재배버섯 대표 유통·검색 시즌 추정,중
629,버섯,재배버섯,영지버섯,,2026-01-01,2026-06-01,2026-12-31,연중 유통·재배형,상
630,버섯,재배버섯,상황버섯,,2026-01-01,2026-06-01,2026-12-31,연중 유통·재배형,상
631,버섯,재배버섯,차가버섯,,2026-01-01,2026-06-01,2026-12-31,연중 유통·재배형,상
632,버섯,자연산버섯,송이버섯,,2026-08-20,2026-09-25,2026-11-10,자연산버섯 대표 유통·검색 시즌 추정,중
633,버섯,자연산버섯,자연산송이,,2026-08-20,2026-09-25,2026-11-10,자연산버섯 대표 유통·검색 시즌 추정,중
634,버섯,자연산버섯,능이버섯,,2026-08-20,2026-09-25,2026-11-10,자연산버섯 대표 유통·검색 시즌 추정,중
635,버섯,자연산버섯,싸리버섯,,2026-08-20,2026-09-25,2026-11-10,자연산버섯 대표 유통·검색 시즌 추정,중
636,버섯,자연산버섯,참싸리버섯,,2026-08-20,2026-09-25,2026-11-10,자연산버섯 대표 유통·검색 시즌 추정,중
637,버섯,자연산버섯,밤버섯,,2026-08-20,2026-09-25,2026-11-10,자연산버섯 대표 유통·검색 시즌 추정,중
638,버섯,자연산버섯,꾀꼬리버섯,,2026-08-20,2026-09-25,2026-11-10,자연산버섯 대표 유통·검색 시즌 추정,중
639,버섯,자연산버섯,달걀버섯,,2026-08-20,2026-09-25,2026-11-10,자연산버섯 대표 유통·검색 시즌 추정,중
640,버섯,자연산버섯,뽕나무버섯,,2026-08-20,2026-09-25,2026-11-10,자연산버섯 대표 유통·검색 시즌 추정,중
641,버섯,자연산버섯,밀버섯,,2026-08-20,2026-09-25,2026-11-10,자연산버섯 대표 유통·검색 시즌 추정,중
642,버섯,자연산버섯,갓버섯,,2026-08-20,2026-09-25,2026-11-10,자연산버섯 대표 유통·검색 시즌 추정,중
643,버섯,자연산버섯,먹버섯,,2026-08-20,2026-09-25,2026-11-10,자연산버섯 대표 유통·검색 시즌 추정,중
644,버섯,자연산버섯,석이버섯,,2026-08-20,2026-09-25,2026-11-10,자연산버섯 대표 유통·검색 시즌 추정,중
645,버섯,자연산버섯,송로버섯,,2026-08-20,2026-09-25,2026-11-10,자연산버섯 대표 유통·검색 시즌 추정,중
646,버섯,자연산버섯,곰보버섯,,2026-08-20,2026-09-25,2026-11-10,자연산버섯 대표 유통·검색 시즌 추정,중
647,곡물·서류,쌀,백미,,2026-08-25,2026-10-15,2026-12-31,쌀 대표 유통·검색 시즌 추정,중
648,곡물·서류,쌀,현미,,2026-08-25,2026-10-15,2026-12-31,쌀 대표 유통·검색 시즌 추정,중
649,곡물·서류,쌀,찹쌀,,2026-08-25,2026-10-15,2026-12-31,쌀 대표 유통·검색 시즌 추정,중
650,곡물·서류,쌀,찰현미,,2026-08-25,2026-10-15,2026-12-31,쌀 대표 유통·검색 시즌 추정,중
651,곡물·서류,쌀,흑미,,2026-08-25,2026-10-15,2026-12-31,쌀 대표 유통·검색 시즌 추정,중
652,곡물·서류,쌀,찰흑미,,2026-08-25,2026-10-15,2026-12-31,쌀 대표 유통·검색 시즌 추정,중
653,곡물·서류,쌀,적미,,2026-08-25,2026-10-15,2026-12-31,쌀 대표 유통·검색 시즌 추정,중
654,곡물·서류,쌀,녹미,,2026-08-25,2026-10-15,2026-12-31,쌀 대표 유통·검색 시즌 추정,중
655,곡물·서류,쌀,홍미,,2026-08-25,2026-10-15,2026-12-31,쌀 대표 유통·검색 시즌 추정,중
656,곡물·서류,쌀,오색미,,2026-08-25,2026-10-15,2026-12-31,쌀 대표 유통·검색 시즌 추정,중
657,곡물·서류,쌀,향미,,2026-08-25,2026-10-15,2026-12-31,쌀 대표 유통·검색 시즌 추정,중
658,곡물·서류,쌀,골든퀸쌀,,2026-08-25,2026-10-15,2026-12-31,쌀 대표 유통·검색 시즌 추정,중
659,곡물·서류,쌀,신동진쌀,,2026-08-25,2026-10-15,2026-12-31,쌀 대표 유통·검색 시즌 추정,중
660,곡물·서류,쌀,삼광쌀,,2026-08-25,2026-10-15,2026-12-31,쌀 대표 유통·검색 시즌 추정,중
661,곡물·서류,쌀,일품쌀,,2026-08-25,2026-10-15,2026-12-31,쌀 대표 유통·검색 시즌 추정,중
662,곡물·서류,쌀,추청쌀,,2026-08-25,2026-10-15,2026-12-31,쌀 대표 유통·검색 시즌 추정,중
663,곡물·서류,쌀,오대쌀,,2026-08-25,2026-10-15,2026-12-31,쌀 대표 유통·검색 시즌 추정,중
664,곡물·서류,쌀,고시히카리쌀,,2026-08-25,2026-10-15,2026-12-31,쌀 대표 유통·검색 시즌 추정,중
665,곡물·서류,쌀,참드림쌀,,2026-08-25,2026-10-15,2026-12-31,쌀 대표 유통·검색 시즌 추정,중
666,곡물·서류,쌀,해들쌀,,2026-08-25,2026-10-15,2026-12-31,쌀 대표 유통·검색 시즌 추정,중
667,곡물·서류,쌀,새청무쌀,,2026-08-25,2026-10-15,2026-12-31,쌀 대표 유통·검색 시즌 추정,중
668,곡물·서류,쌀,영호진미쌀,,2026-08-25,2026-10-15,2026-12-31,쌀 대표 유통·검색 시즌 추정,중
669,곡물·서류,쌀,백진주쌀,,2026-08-25,2026-10-15,2026-12-31,쌀 대표 유통·검색 시즌 추정,중
670,곡물·서류,쌀,눈큰흑찰쌀,,2026-08-25,2026-10-15,2026-12-31,쌀 대표 유통·검색 시즌 추정,중
671,곡물·서류,쌀,가바쌀,,2026-08-25,2026-10-15,2026-12-31,쌀 대표 유통·검색 시즌 추정,중
672,곡물·서류,쌀,햅쌀,,2026-08-25,2026-10-15,2026-12-31,쌀 대표 유통·검색 시즌 추정,중
673,곡물·서류,잡곡,보리쌀,,2026-08-15,2026-10-01,2026-12-15,잡곡 대표 유통·검색 시즌 추정,중
674,곡물·서류,잡곡,찰보리,,2026-08-15,2026-10-01,2026-12-15,잡곡 대표 유통·검색 시즌 추정,중
675,곡물·서류,잡곡,겉보리,,2026-08-15,2026-10-01,2026-12-15,잡곡 대표 유통·검색 시즌 추정,중
676,곡물·서류,잡곡,늘보리,,2026-08-15,2026-10-01,2026-12-15,잡곡 대표 유통·검색 시즌 추정,중
677,곡물·서류,잡곡,쌀보리,,2026-08-15,2026-10-01,2026-12-15,잡곡 대표 유통·검색 시즌 추정,중
678,곡물·서류,잡곡,흑보리,,2026-08-15,2026-10-01,2026-12-15,잡곡 대표 유통·검색 시즌 추정,중
679,곡물·서류,잡곡,귀리,,2026-08-15,2026-10-01,2026-12-15,잡곡 대표 유통·검색 시즌 추정,중
680,곡물·서류,잡곡,압착귀리,,2026-08-15,2026-10-01,2026-12-15,잡곡 대표 유통·검색 시즌 추정,중
681,곡물·서류,잡곡,오트밀,,2026-08-15,2026-10-01,2026-12-15,잡곡 대표 유통·검색 시즌 추정,중
682,곡물·서류,잡곡,수수,,2026-08-15,2026-10-01,2026-12-15,잡곡 대표 유통·검색 시즌 추정,중
683,곡물·서류,잡곡,찰수수,,2026-08-15,2026-10-01,2026-12-15,잡곡 대표 유통·검색 시즌 추정,중
684,곡물·서류,잡곡,기장,,2026-08-15,2026-10-01,2026-12-15,잡곡 대표 유통·검색 시즌 추정,중
685,곡물·서류,잡곡,찰기장,,2026-08-15,2026-10-01,2026-12-15,잡곡 대표 유통·검색 시즌 추정,중
686,곡물·서류,잡곡,조,,2026-08-15,2026-10-01,2026-12-15,잡곡 대표 유통·검색 시즌 추정,중
687,곡물·서류,잡곡,차조,,2026-08-15,2026-10-01,2026-12-15,잡곡 대표 유통·검색 시즌 추정,중
688,곡물·서류,잡곡,메조,,2026-08-15,2026-10-01,2026-12-15,잡곡 대표 유통·검색 시즌 추정,중
689,곡물·서류,잡곡,율무,,2026-08-15,2026-10-01,2026-12-15,잡곡 대표 유통·검색 시즌 추정,중
690,곡물·서류,잡곡,메밀,,2026-08-15,2026-10-01,2026-12-15,잡곡 대표 유통·검색 시즌 추정,중
691,곡물·서류,잡곡,통밀,,2026-08-15,2026-10-01,2026-12-15,잡곡 대표 유통·검색 시즌 추정,중
692,곡물·서류,잡곡,호밀,,2026-08-15,2026-10-01,2026-12-15,잡곡 대표 유통·검색 시즌 추정,중
693,곡물·서류,잡곡,퀴노아,,2026-08-15,2026-10-01,2026-12-15,잡곡 대표 유통·검색 시즌 추정,중
694,곡물·서류,잡곡,아마란스,,2026-08-15,2026-10-01,2026-12-15,잡곡 대표 유통·검색 시즌 추정,중
695,곡물·서류,잡곡,카무트,,2026-08-15,2026-10-01,2026-12-15,잡곡 대표 유통·검색 시즌 추정,중
696,곡물·서류,잡곡,옥수수쌀,,2026-08-15,2026-10-01,2026-12-15,잡곡 대표 유통·검색 시즌 추정,중
697,곡물·서류,감자,수미감자,,2026-04-20,2026-06-15,2026-09-10,감자 대표 유통·검색 시즌 추정,중
698,곡물·서류,감자,두백감자,,2026-04-20,2026-06-15,2026-09-10,감자 대표 유통·검색 시즌 추정,중
699,곡물·서류,감자,대서감자,,2026-04-20,2026-06-15,2026-09-10,감자 대표 유통·검색 시즌 추정,중
700,곡물·서류,감자,남작감자,,2026-04-20,2026-06-15,2026-09-10,감자 대표 유통·검색 시즌 추정,중
701,곡물·서류,감자,홍감자,,2026-04-20,2026-06-15,2026-09-10,감자 대표 유통·검색 시즌 추정,중
702,곡물·서류,감자,자색감자,,2026-04-20,2026-06-15,2026-09-10,감자 대표 유통·검색 시즌 추정,중
703,곡물·서류,감자,왕산감자,,2026-04-20,2026-06-15,2026-09-10,감자 대표 유통·검색 시즌 추정,중
704,곡물·서류,감자,추백감자,,2026-04-20,2026-06-15,2026-09-10,감자 대표 유통·검색 시즌 추정,중
705,곡물·서류,감자,금선감자,,2026-04-20,2026-06-15,2026-09-10,감자 대표 유통·검색 시즌 추정,중
706,곡물·서류,감자,통일감자,,2026-04-20,2026-06-15,2026-09-10,감자 대표 유통·검색 시즌 추정,중
707,곡물·서류,감자,햇감자,,2026-03-26,2026-05-26,2026-08-26,감자 대표 유통·검색 시즌 추정 / 조생·햇상품 조정,중
708,곡물·서류,감자,제주감자,,2026-04-20,2026-06-15,2026-09-10,감자 대표 유통·검색 시즌 추정,중
709,곡물·서류,감자,고랭지감자,,2026-04-20,2026-06-15,2026-09-10,감자 대표 유통·검색 시즌 추정,중
710,곡물·서류,감자,알감자,,2026-04-20,2026-06-15,2026-09-10,감자 대표 유통·검색 시즌 추정,중
711,곡물·서류,고구마,밤고구마,,2026-07-25,2026-09-25,2026-12-10,고구마 대표 유통·검색 시즌 추정,중
712,곡물·서류,고구마,호박고구마,,2026-07-25,2026-09-25,2026-12-10,고구마 대표 유통·검색 시즌 추정,중
713,곡물·서류,고구마,꿀고구마,,2026-07-25,2026-09-25,2026-12-10,고구마 대표 유통·검색 시즌 추정,중
714,곡물·서류,고구마,베니하루카,,2026-07-25,2026-09-25,2026-12-10,고구마 대표 유통·검색 시즌 추정,중
715,곡물·서류,고구마,안노베니,,2026-07-25,2026-09-25,2026-12-10,고구마 대표 유통·검색 시즌 추정,중
716,곡물·서류,고구마,자색고구마,,2026-07-25,2026-09-25,2026-12-10,고구마 대표 유통·검색 시즌 추정,중
717,곡물·서류,고구마,물고구마,,2026-07-25,2026-09-25,2026-12-10,고구마 대표 유통·검색 시즌 추정,중
718,곡물·서류,고구마,황금고구마,,2026-07-25,2026-09-25,2026-12-10,고구마 대표 유통·검색 시즌 추정,중
719,곡물·서류,고구마,풍원미고구마,,2026-07-25,2026-09-25,2026-12-10,고구마 대표 유통·검색 시즌 추정,중
720,곡물·서류,고구마,진율미고구마,,2026-07-25,2026-09-25,2026-12-10,고구마 대표 유통·검색 시즌 추정,중
721,곡물·서류,고구마,소담미고구마,,2026-07-25,2026-09-25,2026-12-10,고구마 대표 유통·검색 시즌 추정,중
722,곡물·서류,고구마,신율미고구마,,2026-07-25,2026-09-25,2026-12-10,고구마 대표 유통·검색 시즌 추정,중
723,곡물·서류,고구마,해남고구마,,2026-07-25,2026-09-25,2026-12-10,고구마 대표 유통·검색 시즌 추정,중
724,곡물·서류,고구마,여주고구마,,2026-07-25,2026-09-25,2026-12-10,고구마 대표 유통·검색 시즌 추정,중
725,견과·특용,견과,호두,,2026-08-20,2026-10-05,2026-12-20,견과 대표 유통·검색 시즌 추정,중
726,견과·특용,견과,피호두,,2026-08-20,2026-10-05,2026-12-20,견과 대표 유통·검색 시즌 추정,중
727,견과·특용,견과,깐호두,,2026-08-20,2026-10-05,2026-12-20,견과 대표 유통·검색 시즌 추정,중
728,견과·특용,견과,잣,,2026-08-20,2026-10-05,2026-12-20,견과 대표 유통·검색 시즌 추정,중
729,견과·특용,견과,황잣,,2026-08-20,2026-10-05,2026-12-20,견과 대표 유통·검색 시즌 추정,중
730,견과·특용,견과,백잣,,2026-08-20,2026-10-05,2026-12-20,견과 대표 유통·검색 시즌 추정,중
731,견과·특용,견과,땅콩,,2026-08-20,2026-10-05,2026-12-20,견과 대표 유통·검색 시즌 추정,중
732,견과·특용,견과,피땅콩,,2026-08-20,2026-10-05,2026-12-20,견과 대표 유통·검색 시즌 추정,중
733,견과·특용,견과,볶음땅콩,,2026-08-20,2026-10-05,2026-12-20,견과 대표 유통·검색 시즌 추정,중
734,견과·특용,견과,아몬드,,2026-08-20,2026-10-05,2026-12-20,견과 대표 유통·검색 시즌 추정,중
735,견과·특용,견과,캐슈넛,,2026-08-20,2026-10-05,2026-12-20,견과 대표 유통·검색 시즌 추정,중
736,견과·특용,견과,피스타치오,,2026-08-20,2026-10-05,2026-12-20,견과 대표 유통·검색 시즌 추정,중
737,견과·특용,견과,마카다미아,,2026-08-20,2026-10-05,2026-12-20,견과 대표 유통·검색 시즌 추정,중
738,견과·특용,견과,피칸,,2026-08-20,2026-10-05,2026-12-20,견과 대표 유통·검색 시즌 추정,중
739,견과·특용,견과,헤이즐넛,,2026-08-20,2026-10-05,2026-12-20,견과 대표 유통·검색 시즌 추정,중
740,견과·특용,견과,브라질너트,,2026-08-20,2026-10-05,2026-12-20,견과 대표 유통·검색 시즌 추정,중
741,견과·특용,견과,캐슈애플,,2026-08-20,2026-10-05,2026-12-20,견과 대표 유통·검색 시즌 추정,중
742,견과·특용,견과,도토리,,2026-08-20,2026-10-05,2026-12-20,견과 대표 유통·검색 시즌 추정,중
743,견과·특용,약용특용,인삼,,2026-08-01,2026-10-01,2026-11-30,약용특용 대표 유통·검색 시즌 추정,중
744,견과·특용,약용특용,수삼,,2026-08-01,2026-10-01,2026-11-30,약용특용 대표 유통·검색 시즌 추정,중
745,견과·특용,약용특용,산양삼,,2026-08-01,2026-10-01,2026-11-30,약용특용 대표 유통·검색 시즌 추정,중
746,견과·특용,약용특용,산삼배양근,,2026-08-01,2026-10-01,2026-11-30,약용특용 대표 유통·검색 시즌 추정,중
747,견과·특용,약용특용,황기,,2026-08-01,2026-10-01,2026-11-30,약용특용 대표 유통·검색 시즌 추정,중
748,견과·특용,약용특용,당귀,,2026-08-01,2026-10-01,2026-11-30,약용특용 대표 유통·검색 시즌 추정,중
749,견과·특용,약용특용,천궁,,2026-08-01,2026-10-01,2026-11-30,약용특용 대표 유통·검색 시즌 추정,중
750,견과·특용,약용특용,작약,,2026-08-01,2026-10-01,2026-11-30,약용특용 대표 유통·검색 시즌 추정,중
751,견과·특용,약용특용,맥문동,,2026-08-01,2026-10-01,2026-11-30,약용특용 대표 유통·검색 시즌 추정,중
752,견과·특용,약용특용,오미자,,2026-08-01,2026-10-01,2026-11-30,약용특용 대표 유통·검색 시즌 추정,중
753,견과·특용,약용특용,구기자,,2026-08-01,2026-10-01,2026-11-30,약용특용 대표 유통·검색 시즌 추정,중
754,견과·특용,약용특용,헛개열매,,2026-08-01,2026-10-01,2026-11-30,약용특용 대표 유통·검색 시즌 추정,중
755,견과·특용,약용특용,산수유,,2026-08-01,2026-10-01,2026-11-30,약용특용 대표 유통·검색 시즌 추정,중
756,견과·특용,약용특용,오가피,,2026-08-01,2026-10-01,2026-11-30,약용특용 대표 유통·검색 시즌 추정,중
757,견과·특용,약용특용,가시오가피,,2026-08-01,2026-10-01,2026-11-30,약용특용 대표 유통·검색 시즌 추정,중
758,견과·특용,약용특용,두충,,2026-08-01,2026-10-01,2026-11-30,약용특용 대표 유통·검색 시즌 추정,중
759,견과·특용,약용특용,엄나무,,2026-08-01,2026-10-01,2026-11-30,약용특용 대표 유통·검색 시즌 추정,중
760,견과·특용,약용특용,황칠,,2026-08-01,2026-10-01,2026-11-30,약용특용 대표 유통·검색 시즌 추정,중
761,견과·특용,약용특용,감초,,2026-08-01,2026-10-01,2026-11-30,약용특용 대표 유통·검색 시즌 추정,중
762,견과·특용,약용특용,하수오,,2026-08-01,2026-10-01,2026-11-30,약용특용 대표 유통·검색 시즌 추정,중
763,견과·특용,약용특용,백수오,,2026-08-01,2026-10-01,2026-11-30,약용특용 대표 유통·검색 시즌 추정,중
764,견과·특용,약용특용,마가목,,2026-08-01,2026-10-01,2026-11-30,약용특용 대표 유통·검색 시즌 추정,중
765,견과·특용,약용특용,구절초,,2026-08-01,2026-10-01,2026-11-30,약용특용 대표 유통·검색 시즌 추정,중
766,견과·특용,약용특용,익모초,,2026-08-01,2026-10-01,2026-11-30,약용특용 대표 유통·검색 시즌 추정,중
767,견과·특용,약용특용,어성초,,2026-08-01,2026-10-01,2026-11-30,약용특용 대표 유통·검색 시즌 추정,중
768,견과·특용,약용특용,삼백초,,2026-08-01,2026-10-01,2026-11-30,약용특용 대표 유통·검색 시즌 추정,중
769,견과·특용,약용특용,와송,,2026-08-01,2026-10-01,2026-11-30,약용특용 대표 유통·검색 시즌 추정,중
770,견과·특용,약용특용,쇠비름,,2026-08-01,2026-10-01,2026-11-30,약용특용 대표 유통·검색 시즌 추정,중
771,견과·특용,약용특용,꾸지뽕,,2026-08-01,2026-10-01,2026-11-30,약용특용 대표 유통·검색 시즌 추정,중
772,견과·특용,약용특용,비수리,,2026-08-01,2026-10-01,2026-11-30,약용특용 대표 유통·검색 시즌 추정,중
773,견과·특용,약용특용,야관문,,2026-08-01,2026-10-01,2026-11-30,약용특용 대표 유통·검색 시즌 추정,중
774,수산물,새우,흰다리새우,,2026-06-15,2026-09-01,2026-11-15,세부품목 우선 시즌값,상
775,수산물,새우,대하,,2026-08-10,2026-09-20,2026-11-10,세부품목 우선 시즌값,상
776,수산물,새우,블랙타이거새우,,2026-06-15,2026-09-10,2026-11-15,새우 대표 유통·검색 시즌 추정,중
777,수산물,새우,홍새우,,2026-06-15,2026-09-10,2026-11-15,새우 대표 유통·검색 시즌 추정,중
778,수산물,새우,단새우,,2026-06-15,2026-09-10,2026-11-15,새우 대표 유통·검색 시즌 추정,중
779,수산물,새우,도화새우,,2026-06-15,2026-09-10,2026-11-15,새우 대표 유통·검색 시즌 추정,중
780,수산물,새우,보리새우,,2026-06-15,2026-09-10,2026-11-15,새우 대표 유통·검색 시즌 추정,중
781,수산물,새우,딱새우,,2026-06-15,2026-09-10,2026-11-15,새우 대표 유통·검색 시즌 추정,중
782,수산물,새우,가시발새우,,2026-06-15,2026-09-10,2026-11-15,새우 대표 유통·검색 시즌 추정,중
783,수산물,새우,꽃새우,,2026-06-15,2026-09-10,2026-11-15,새우 대표 유통·검색 시즌 추정,중
784,수산물,새우,민물새우,,2026-06-15,2026-09-10,2026-11-15,새우 대표 유통·검색 시즌 추정,중
785,수산물,새우,토하,,2026-06-15,2026-09-10,2026-11-15,새우 대표 유통·검색 시즌 추정,중
786,수산물,새우,새뱅이,,2026-06-15,2026-09-10,2026-11-15,새우 대표 유통·검색 시즌 추정,중
787,수산물,새우,건새우,,2026-06-15,2026-09-10,2026-11-15,새우 대표 유통·검색 시즌 추정,중
788,수산물,새우,두절새우,,2026-06-15,2026-09-10,2026-11-15,새우 대표 유통·검색 시즌 추정,중
789,수산물,게,꽃게,,2026-03-01,2026-09-20,2026-11-30,세부품목 우선 시즌값,상
790,수산물,게,활꽃게,,2026-03-01,2026-09-20,2026-11-30,게 대표 유통·검색 시즌 추정,중
791,수산물,게,암꽃게,,2026-03-01,2026-09-20,2026-11-30,게 대표 유통·검색 시즌 추정,중
792,수산물,게,숫꽃게,,2026-03-01,2026-09-20,2026-11-30,게 대표 유통·검색 시즌 추정,중
793,수산물,게,절단꽃게,,2026-03-01,2026-09-20,2026-11-30,게 대표 유통·검색 시즌 추정,중
794,수산물,게,대게,,2026-11-01,2027-01-20,2027-04-30,세부품목 우선 시즌값,상
795,수산물,게,박달대게,,2026-03-01,2026-09-20,2026-11-30,게 대표 유통·검색 시즌 추정,중
796,수산물,게,홍게,,2026-09-01,2026-12-15,2027-05-31,세부품목 우선 시즌값,상
797,수산물,게,붉은대게,,2026-03-01,2026-09-20,2026-11-30,게 대표 유통·검색 시즌 추정,중
798,수산물,게,킹크랩,,2026-03-01,2026-09-20,2026-11-30,게 대표 유통·검색 시즌 추정,중
799,수산물,게,털게,,2026-03-01,2026-09-20,2026-11-30,게 대표 유통·검색 시즌 추정,중
800,수산물,게,참게,,2026-03-01,2026-09-20,2026-11-30,게 대표 유통·검색 시즌 추정,중
801,수산물,게,민꽃게,,2026-03-01,2026-09-20,2026-11-30,게 대표 유통·검색 시즌 추정,중
802,수산물,게,돌게,,2026-03-01,2026-09-20,2026-11-30,게 대표 유통·검색 시즌 추정,중
803,수산물,게,칠게,,2026-03-01,2026-09-20,2026-11-30,게 대표 유통·검색 시즌 추정,중
804,수산물,게,농게,,2026-03-01,2026-09-20,2026-11-30,게 대표 유통·검색 시즌 추정,중
805,수산물,오징어문어,생물오징어,,2026-05-20,2026-07-15,2026-09-30,세부품목 우선 시즌값,상
806,수산물,오징어문어,활오징어,,2026-05-01,2026-07-15,2026-11-10,오징어문어 대표 유통·검색 시즌 추정,중
807,수산물,오징어문어,총알오징어,,2026-05-01,2026-07-15,2026-11-10,오징어문어 대표 유통·검색 시즌 추정,중
808,수산물,오징어문어,갑오징어,,2026-05-01,2026-07-15,2026-11-10,오징어문어 대표 유통·검색 시즌 추정,중
809,수산물,오징어문어,한치,,2026-05-01,2026-07-15,2026-11-10,오징어문어 대표 유통·검색 시즌 추정,중
810,수산물,오징어문어,제주한치,,2026-05-01,2026-07-15,2026-11-10,오징어문어 대표 유통·검색 시즌 추정,중
811,수산물,오징어문어,무늬오징어,,2026-05-01,2026-07-15,2026-11-10,오징어문어 대표 유통·검색 시즌 추정,중
812,수산물,오징어문어,꼴뚜기,,2026-05-01,2026-07-15,2026-11-10,오징어문어 대표 유통·검색 시즌 추정,중
813,수산물,오징어문어,호래기,,2026-05-01,2026-07-15,2026-11-10,오징어문어 대표 유통·검색 시즌 추정,중
814,수산물,오징어문어,문어,,2026-05-01,2026-07-15,2026-11-10,오징어문어 대표 유통·검색 시즌 추정,중
815,수산물,오징어문어,참문어,,2026-05-01,2026-07-15,2026-11-10,오징어문어 대표 유통·검색 시즌 추정,중
816,수산물,오징어문어,돌문어,,2026-05-01,2026-07-15,2026-11-10,오징어문어 대표 유통·검색 시즌 추정,중
817,수산물,오징어문어,피문어,,2026-05-01,2026-07-15,2026-11-10,오징어문어 대표 유통·검색 시즌 추정,중
818,수산물,오징어문어,대왕문어,,2026-05-01,2026-07-15,2026-11-10,오징어문어 대표 유통·검색 시즌 추정,중
819,수산물,오징어문어,낙지,,2026-05-01,2026-07-15,2026-11-10,오징어문어 대표 유통·검색 시즌 추정,중
820,수산물,오징어문어,세발낙지,,2026-05-01,2026-07-15,2026-11-10,오징어문어 대표 유통·검색 시즌 추정,중
821,수산물,오징어문어,주꾸미,,2026-05-01,2026-07-15,2026-11-10,오징어문어 대표 유통·검색 시즌 추정,중
822,수산물,오징어문어,쭈꾸미,,2026-05-01,2026-07-15,2026-11-10,오징어문어 대표 유통·검색 시즌 추정,중
823,수산물,조개,바지락,,2026-02-01,2026-04-15,2026-06-30,조개 대표 유통·검색 시즌 추정,중
824,수산물,조개,동죽,,2026-02-01,2026-04-15,2026-06-30,조개 대표 유통·검색 시즌 추정,중
825,수산물,조개,백합,,2026-02-01,2026-04-15,2026-06-30,조개 대표 유통·검색 시즌 추정,중
826,수산물,조개,대합,,2026-02-01,2026-04-15,2026-06-30,조개 대표 유통·검색 시즌 추정,중
827,수산물,조개,피조개,,2026-02-01,2026-04-15,2026-06-30,조개 대표 유통·검색 시즌 추정,중
828,수산물,조개,새조개,,2026-12-01,2027-02-10,2027-03-31,세부품목 우선 시즌값,상
829,수산물,조개,참꼬막,,2026-10-01,2026-12-20,2027-03-31,세부품목 우선 시즌값,상
830,수산물,조개,새꼬막,,2026-02-01,2026-04-15,2026-06-30,조개 대표 유통·검색 시즌 추정,중
831,수산물,조개,키조개,,2026-02-01,2026-04-15,2026-06-30,조개 대표 유통·검색 시즌 추정,중
832,수산물,조개,가리비,,2026-02-01,2026-04-15,2026-06-30,조개 대표 유통·검색 시즌 추정,중
833,수산물,조개,홍가리비,,2026-02-01,2026-04-15,2026-06-30,조개 대표 유통·검색 시즌 추정,중
834,수산물,조개,비단가리비,,2026-02-01,2026-04-15,2026-06-30,조개 대표 유통·검색 시즌 추정,중
835,수산물,조개,해만가리비,,2026-02-01,2026-04-15,2026-06-30,조개 대표 유통·검색 시즌 추정,중
836,수산물,조개,관자가리비,,2026-02-01,2026-04-15,2026-06-30,조개 대표 유통·검색 시즌 추정,중
837,수산물,조개,전복,,2026-02-01,2026-04-15,2026-06-30,조개 대표 유통·검색 시즌 추정,중
838,수산물,조개,활전복,,2026-02-01,2026-04-15,2026-06-30,조개 대표 유통·검색 시즌 추정,중
839,수산물,조개,참전복,,2026-02-01,2026-04-15,2026-06-30,조개 대표 유통·검색 시즌 추정,중
840,수산물,조개,오분자기,,2026-02-01,2026-04-15,2026-06-30,조개 대표 유통·검색 시즌 추정,중
841,수산물,조개,소라,,2026-02-01,2026-04-15,2026-06-30,조개 대표 유통·검색 시즌 추정,중
842,수산물,조개,참소라,,2026-02-01,2026-04-15,2026-06-30,조개 대표 유통·검색 시즌 추정,중
843,수산물,조개,뿔소라,,2026-02-01,2026-04-15,2026-06-30,조개 대표 유통·검색 시즌 추정,중
844,수산물,조개,골뱅이,,2026-02-01,2026-04-15,2026-06-30,조개 대표 유통·검색 시즌 추정,중
845,수산물,조개,백골뱅이,,2026-02-01,2026-04-15,2026-06-30,조개 대표 유통·검색 시즌 추정,중
846,수산물,조개,황골뱅이,,2026-02-01,2026-04-15,2026-06-30,조개 대표 유통·검색 시즌 추정,중
847,수산물,조개,고둥,,2026-02-01,2026-04-15,2026-06-30,조개 대표 유통·검색 시즌 추정,중
848,수산물,조개,논고둥,,2026-02-01,2026-04-15,2026-06-30,조개 대표 유통·검색 시즌 추정,중
849,수산물,조개,다슬기,,2026-02-01,2026-04-15,2026-06-30,조개 대표 유통·검색 시즌 추정,중
850,수산물,조개,재첩,,2026-02-01,2026-04-15,2026-06-30,조개 대표 유통·검색 시즌 추정,중
851,수산물,조개,굴,,2026-10-15,2027-01-10,2027-03-31,세부품목 우선 시즌값,상
852,수산물,조개,석화,,2026-10-15,2027-01-10,2027-03-31,세부품목 우선 시즌값,상
853,수산물,조개,벚굴,,2026-02-01,2026-04-15,2026-06-30,조개 대표 유통·검색 시즌 추정,중
854,수산물,조개,홍합,,2026-02-01,2026-04-15,2026-06-30,조개 대표 유통·검색 시즌 추정,중
855,수산물,조개,담치,,2026-02-01,2026-04-15,2026-06-30,조개 대표 유통·검색 시즌 추정,중
856,수산물,조개,섭,,2026-02-01,2026-04-15,2026-06-30,조개 대표 유통·검색 시즌 추정,중
857,수산물,조개,맛조개,,2026-02-01,2026-04-15,2026-06-30,조개 대표 유통·검색 시즌 추정,중
858,수산물,조개,개조개,,2026-02-01,2026-04-15,2026-06-30,조개 대표 유통·검색 시즌 추정,중
859,수산물,조개,코끼리조개,,2026-02-01,2026-04-15,2026-06-30,조개 대표 유통·검색 시즌 추정,중
860,수산물,조개,왕우럭조개,,2026-02-01,2026-04-15,2026-06-30,조개 대표 유통·검색 시즌 추정,중
861,수산물,흰살생선,광어,,2026-09-01,2026-12-10,2027-03-31,흰살생선 대표 유통·검색 시즌 추정,중
862,수산물,흰살생선,넙치,,2026-09-01,2026-12-10,2027-03-31,흰살생선 대표 유통·검색 시즌 추정,중
863,수산물,흰살생선,도다리,,2026-09-01,2026-12-10,2027-03-31,흰살생선 대표 유통·검색 시즌 추정,중
864,수산물,흰살생선,문치가자미,,2026-09-01,2026-12-10,2027-03-31,흰살생선 대표 유통·검색 시즌 추정,중
865,수산물,흰살생선,참가자미,,2026-09-01,2026-12-10,2027-03-31,흰살생선 대표 유통·검색 시즌 추정,중
866,수산물,흰살생선,물가자미,,2026-09-01,2026-12-10,2027-03-31,흰살생선 대표 유통·검색 시즌 추정,중
867,수산물,흰살생선,용가자미,,2026-09-01,2026-12-10,2027-03-31,흰살생선 대표 유통·검색 시즌 추정,중
868,수산물,흰살생선,돌가자미,,2026-09-01,2026-12-10,2027-03-31,흰살생선 대표 유통·검색 시즌 추정,중
869,수산물,흰살생선,기름가자미,,2026-09-01,2026-12-10,2027-03-31,흰살생선 대표 유통·검색 시즌 추정,중
870,수산물,흰살생선,홍가자미,,2026-09-01,2026-12-10,2027-03-31,흰살생선 대표 유통·검색 시즌 추정,중
871,수산물,흰살생선,서대,,2026-09-01,2026-12-10,2027-03-31,흰살생선 대표 유통·검색 시즌 추정,중
872,수산물,흰살생선,박대,,2026-09-01,2026-12-10,2027-03-31,흰살생선 대표 유통·검색 시즌 추정,중
873,수산물,흰살생선,민어,,2026-09-01,2026-12-10,2027-03-31,흰살생선 대표 유통·검색 시즌 추정,중
874,수산물,흰살생선,조기,,2026-09-01,2026-12-10,2027-03-31,흰살생선 대표 유통·검색 시즌 추정,중
875,수산물,흰살생선,참조기,,2026-09-01,2026-12-10,2027-03-31,흰살생선 대표 유통·검색 시즌 추정,중
876,수산물,흰살생선,부세,,2026-09-01,2026-12-10,2027-03-31,흰살생선 대표 유통·검색 시즌 추정,중
877,수산물,흰살생선,보구치,,2026-09-01,2026-12-10,2027-03-31,흰살생선 대표 유통·검색 시즌 추정,중
878,수산물,흰살생선,백조기,,2026-09-01,2026-12-10,2027-03-31,흰살생선 대표 유통·검색 시즌 추정,중
879,수산물,흰살생선,수조기,,2026-09-01,2026-12-10,2027-03-31,흰살생선 대표 유통·검색 시즌 추정,중
880,수산물,흰살생선,대구,,2026-09-01,2026-12-10,2027-03-31,흰살생선 대표 유통·검색 시즌 추정,중
881,수산물,흰살생선,생대구,,2026-09-01,2026-12-10,2027-03-31,흰살생선 대표 유통·검색 시즌 추정,중
882,수산물,흰살생선,명태,,2026-09-01,2026-12-10,2027-03-31,흰살생선 대표 유통·검색 시즌 추정,중
883,수산물,흰살생선,생태,,2026-09-01,2026-12-10,2027-03-31,흰살생선 대표 유통·검색 시즌 추정,중
884,수산물,흰살생선,동태,,2026-09-01,2026-12-10,2027-03-31,흰살생선 대표 유통·검색 시즌 추정,중
885,수산물,흰살생선,코다리,,2026-09-01,2026-12-10,2027-03-31,흰살생선 대표 유통·검색 시즌 추정,중
886,수산물,흰살생선,황태,,2026-09-01,2026-12-10,2027-03-31,흰살생선 대표 유통·검색 시즌 추정,중
887,수산물,흰살생선,북어,,2026-09-01,2026-12-10,2027-03-31,흰살생선 대표 유통·검색 시즌 추정,중
888,수산물,흰살생선,노가리,,2026-09-01,2026-12-10,2027-03-31,흰살생선 대표 유통·검색 시즌 추정,중
889,수산물,흰살생선,우럭,,2026-09-01,2026-12-10,2027-03-31,흰살생선 대표 유통·검색 시즌 추정,중
890,수산물,흰살생선,조피볼락,,2026-09-01,2026-12-10,2027-03-31,흰살생선 대표 유통·검색 시즌 추정,중
891,수산물,흰살생선,볼락,,2026-09-01,2026-12-10,2027-03-31,흰살생선 대표 유통·검색 시즌 추정,중
892,수산물,흰살생선,열기,,2026-09-01,2026-12-10,2027-03-31,흰살생선 대표 유통·검색 시즌 추정,중
893,수산물,흰살생선,황열기,,2026-09-01,2026-12-10,2027-03-31,흰살생선 대표 유통·검색 시즌 추정,중
894,수산물,흰살생선,쏨뱅이,,2026-09-01,2026-12-10,2027-03-31,흰살생선 대표 유통·검색 시즌 추정,중
895,수산물,흰살생선,양태,,2026-09-01,2026-12-10,2027-03-31,흰살생선 대표 유통·검색 시즌 추정,중
896,수산물,흰살생선,성대,,2026-09-01,2026-12-10,2027-03-31,흰살생선 대표 유통·검색 시즌 추정,중
897,수산물,흰살생선,병어,,2026-09-01,2026-12-10,2027-03-31,흰살생선 대표 유통·검색 시즌 추정,중
898,수산물,흰살생선,덕자병어,,2026-09-01,2026-12-10,2027-03-31,흰살생선 대표 유통·검색 시즌 추정,중
899,수산물,흰살생선,갈치,,2026-09-01,2026-12-10,2027-03-31,흰살생선 대표 유통·검색 시즌 추정,중
900,수산물,흰살생선,먹갈치,,2026-09-01,2026-12-10,2027-03-31,흰살생선 대표 유통·검색 시즌 추정,중
901,수산물,흰살생선,은갈치,,2026-09-01,2026-12-10,2027-03-31,흰살생선 대표 유통·검색 시즌 추정,중
902,수산물,흰살생선,풀치,,2026-09-01,2026-12-10,2027-03-31,흰살생선 대표 유통·검색 시즌 추정,중
903,수산물,흰살생선,학꽁치,,2026-09-01,2026-12-10,2027-03-31,흰살생선 대표 유통·검색 시즌 추정,중
904,수산물,흰살생선,전어,,2026-08-10,2026-09-20,2026-11-10,세부품목 우선 시즌값,상
905,수산물,흰살생선,청어,,2026-09-01,2026-12-10,2027-03-31,흰살생선 대표 유통·검색 시즌 추정,중
906,수산물,흰살생선,도루묵,,2026-10-15,2026-11-25,2027-01-15,세부품목 우선 시즌값,상
907,수산물,흰살생선,양미리,,2026-09-01,2026-12-10,2027-03-31,흰살생선 대표 유통·검색 시즌 추정,중
908,수산물,흰살생선,꼼치,,2026-09-01,2026-12-10,2027-03-31,흰살생선 대표 유통·검색 시즌 추정,중
909,수산물,흰살생선,물메기,,2026-09-01,2026-12-10,2027-03-31,흰살생선 대표 유통·검색 시즌 추정,중
910,수산물,흰살생선,아귀,,2026-09-01,2026-12-10,2027-03-31,흰살생선 대표 유통·검색 시즌 추정,중
911,수산물,흰살생선,개복치,,2026-09-01,2026-12-10,2027-03-31,흰살생선 대표 유통·검색 시즌 추정,중
912,수산물,붉은살등푸른,고등어,,2026-08-01,2026-10-20,2027-02-28,붉은살등푸른 대표 유통·검색 시즌 추정,중
913,수산물,붉은살등푸른,참고등어,,2026-08-01,2026-10-20,2027-02-28,붉은살등푸른 대표 유통·검색 시즌 추정,중
914,수산물,붉은살등푸른,망치고등어,,2026-08-01,2026-10-20,2027-02-28,붉은살등푸른 대표 유통·검색 시즌 추정,중
915,수산물,붉은살등푸른,삼치,,2026-08-01,2026-10-20,2027-02-28,붉은살등푸른 대표 유통·검색 시즌 추정,중
916,수산물,붉은살등푸른,방어,,2026-08-01,2026-10-20,2027-02-28,붉은살등푸른 대표 유통·검색 시즌 추정,중
917,수산물,붉은살등푸른,대방어,,2026-10-15,2026-12-20,2027-02-28,세부품목 우선 시즌값,상
918,수산물,붉은살등푸른,부시리,,2026-08-01,2026-10-20,2027-02-28,붉은살등푸른 대표 유통·검색 시즌 추정,중
919,수산물,붉은살등푸른,전갱이,,2026-08-01,2026-10-20,2027-02-28,붉은살등푸른 대표 유통·검색 시즌 추정,중
920,수산물,붉은살등푸른,가라지,,2026-08-01,2026-10-20,2027-02-28,붉은살등푸른 대표 유통·검색 시즌 추정,중
921,수산물,붉은살등푸른,정어리,,2026-08-01,2026-10-20,2027-02-28,붉은살등푸른 대표 유통·검색 시즌 추정,중
922,수산물,붉은살등푸른,꽁치,,2026-08-01,2026-10-20,2027-02-28,붉은살등푸른 대표 유통·검색 시즌 추정,중
923,수산물,붉은살등푸른,다랑어,,2026-08-01,2026-10-20,2027-02-28,붉은살등푸른 대표 유통·검색 시즌 추정,중
924,수산물,붉은살등푸른,참다랑어,,2026-08-01,2026-10-20,2027-02-28,붉은살등푸른 대표 유통·검색 시즌 추정,중
925,수산물,붉은살등푸른,눈다랑어,,2026-08-01,2026-10-20,2027-02-28,붉은살등푸른 대표 유통·검색 시즌 추정,중
926,수산물,붉은살등푸른,황다랑어,,2026-08-01,2026-10-20,2027-02-28,붉은살등푸른 대표 유통·검색 시즌 추정,중
927,수산물,붉은살등푸른,가다랑어,,2026-08-01,2026-10-20,2027-02-28,붉은살등푸른 대표 유통·검색 시즌 추정,중
928,수산물,붉은살등푸른,연어,,2026-08-01,2026-10-20,2027-02-28,붉은살등푸른 대표 유통·검색 시즌 추정,중
929,수산물,붉은살등푸른,생연어,,2026-08-01,2026-10-20,2027-02-28,붉은살등푸른 대표 유통·검색 시즌 추정,중
930,수산물,붉은살등푸른,홍연어,,2026-08-01,2026-10-20,2027-02-28,붉은살등푸른 대표 유통·검색 시즌 추정,중
931,수산물,붉은살등푸른,은연어,,2026-08-01,2026-10-20,2027-02-28,붉은살등푸른 대표 유통·검색 시즌 추정,중
932,수산물,붉은살등푸른,송어,,2026-08-01,2026-10-20,2027-02-28,붉은살등푸른 대표 유통·검색 시즌 추정,중
933,수산물,붉은살등푸른,무지개송어,,2026-08-01,2026-10-20,2027-02-28,붉은살등푸른 대표 유통·검색 시즌 추정,중
934,수산물,붉은살등푸른,산천어,,2026-08-01,2026-10-20,2027-02-28,붉은살등푸른 대표 유통·검색 시즌 추정,중
935,수산물,고급활어,참돔,,2026-04-01,2026-09-01,2026-12-31,고급활어 대표 유통·검색 시즌 추정,중
936,수산물,고급활어,돌돔,,2026-04-01,2026-09-01,2026-12-31,고급활어 대표 유통·검색 시즌 추정,중
937,수산물,고급활어,감성돔,,2026-04-01,2026-09-01,2026-12-31,고급활어 대표 유통·검색 시즌 추정,중
938,수산물,고급활어,벵에돔,,2026-04-01,2026-09-01,2026-12-31,고급활어 대표 유통·검색 시즌 추정,중
939,수산물,고급활어,황돔,,2026-04-01,2026-09-01,2026-12-31,고급활어 대표 유통·검색 시즌 추정,중
940,수산물,고급활어,옥돔,,2026-04-01,2026-09-01,2026-12-31,고급활어 대표 유통·검색 시즌 추정,중
941,수산물,고급활어,제주옥돔,,2026-04-01,2026-09-01,2026-12-31,고급활어 대표 유통·검색 시즌 추정,중
942,수산물,고급활어,능성어,,2026-04-01,2026-09-01,2026-12-31,고급활어 대표 유통·검색 시즌 추정,중
943,수산물,고급활어,자바리,,2026-04-01,2026-09-01,2026-12-31,고급활어 대표 유통·검색 시즌 추정,중
944,수산물,고급활어,다금바리,,2026-04-01,2026-09-01,2026-12-31,고급활어 대표 유통·검색 시즌 추정,중
945,수산물,고급활어,붉바리,,2026-04-01,2026-09-01,2026-12-31,고급활어 대표 유통·검색 시즌 추정,중
946,수산물,고급활어,농어,,2026-04-01,2026-09-01,2026-12-31,고급활어 대표 유통·검색 시즌 추정,중
947,수산물,고급활어,점농어,,2026-04-01,2026-09-01,2026-12-31,고급활어 대표 유통·검색 시즌 추정,중
948,수산물,고급활어,민농어,,2026-04-01,2026-09-01,2026-12-31,고급활어 대표 유통·검색 시즌 추정,중
949,수산물,고급활어,숭어,,2026-04-01,2026-09-01,2026-12-31,고급활어 대표 유통·검색 시즌 추정,중
950,수산물,고급활어,가숭어,,2026-04-01,2026-09-01,2026-12-31,고급활어 대표 유통·검색 시즌 추정,중
951,수산물,고급활어,참숭어,,2026-04-01,2026-09-01,2026-12-31,고급활어 대표 유통·검색 시즌 추정,중
952,수산물,고급활어,자리돔,,2026-04-01,2026-09-01,2026-12-31,고급활어 대표 유통·검색 시즌 추정,중
953,수산물,고급활어,쥐치,,2026-04-01,2026-09-01,2026-12-31,고급활어 대표 유통·검색 시즌 추정,중
954,수산물,고급활어,말쥐치,,2026-04-01,2026-09-01,2026-12-31,고급활어 대표 유통·검색 시즌 추정,중
955,수산물,고급활어,객주리,,2026-04-01,2026-09-01,2026-12-31,고급활어 대표 유통·검색 시즌 추정,중
956,수산물,고급활어,복어,,2026-04-01,2026-09-01,2026-12-31,고급활어 대표 유통·검색 시즌 추정,중
957,수산물,고급활어,참복,,2026-04-01,2026-09-01,2026-12-31,고급활어 대표 유통·검색 시즌 추정,중
958,수산물,고급활어,까치복,,2026-04-01,2026-09-01,2026-12-31,고급활어 대표 유통·검색 시즌 추정,중
959,수산물,고급활어,밀복,,2026-04-01,2026-09-01,2026-12-31,고급활어 대표 유통·검색 시즌 추정,중
960,수산물,고급활어,은복,,2026-04-01,2026-09-01,2026-12-31,고급활어 대표 유통·검색 시즌 추정,중
961,수산물,장어,민물장어,,2026-05-01,2026-07-20,2026-09-30,장어 대표 유통·검색 시즌 추정,중
962,수산물,장어,뱀장어,,2026-05-01,2026-07-20,2026-09-30,장어 대표 유통·검색 시즌 추정,중
963,수산물,장어,풍천장어,,2026-05-01,2026-07-20,2026-09-30,장어 대표 유통·검색 시즌 추정,중
964,수산물,장어,바다장어,,2026-05-01,2026-07-20,2026-09-30,장어 대표 유통·검색 시즌 추정,중
965,수산물,장어,붕장어,,2026-05-01,2026-07-20,2026-09-30,장어 대표 유통·검색 시즌 추정,중
966,수산물,장어,아나고,,2026-05-01,2026-07-20,2026-09-30,장어 대표 유통·검색 시즌 추정,중
967,수산물,장어,먹장어,,2026-05-01,2026-07-20,2026-09-30,장어 대표 유통·검색 시즌 추정,중
968,수산물,장어,꼼장어,,2026-05-01,2026-07-20,2026-09-30,장어 대표 유통·검색 시즌 추정,중
969,수산물,장어,갯장어,,2026-05-01,2026-07-20,2026-09-30,장어 대표 유통·검색 시즌 추정,중
970,수산물,장어,하모,,2026-05-01,2026-07-20,2026-09-30,장어 대표 유통·검색 시즌 추정,중
971,수산물,민물고기,메기,,2026-04-01,2026-07-01,2026-10-15,민물고기 대표 유통·검색 시즌 추정,중
972,수산물,민물고기,미꾸라지,,2026-04-01,2026-07-01,2026-10-15,민물고기 대표 유통·검색 시즌 추정,중
973,수산물,민물고기,동자개,,2026-04-01,2026-07-01,2026-10-15,민물고기 대표 유통·검색 시즌 추정,중
974,수산물,민물고기,빠가사리,,2026-04-01,2026-07-01,2026-10-15,민물고기 대표 유통·검색 시즌 추정,중
975,수산물,민물고기,쏘가리,,2026-04-01,2026-07-01,2026-10-15,민물고기 대표 유통·검색 시즌 추정,중
976,수산물,민물고기,가물치,,2026-04-01,2026-07-01,2026-10-15,민물고기 대표 유통·검색 시즌 추정,중
977,수산물,민물고기,붕어,,2026-04-01,2026-07-01,2026-10-15,민물고기 대표 유통·검색 시즌 추정,중
978,수산물,민물고기,잉어,,2026-04-01,2026-07-01,2026-10-15,민물고기 대표 유통·검색 시즌 추정,중
979,수산물,민물고기,향어,,2026-04-01,2026-07-01,2026-10-15,민물고기 대표 유통·검색 시즌 추정,중
980,수산물,민물고기,백련어,,2026-04-01,2026-07-01,2026-10-15,민물고기 대표 유통·검색 시즌 추정,중
981,수산물,민물고기,은어,,2026-04-01,2026-07-01,2026-10-15,민물고기 대표 유통·검색 시즌 추정,중
982,수산물,민물고기,빙어,,2026-04-01,2026-07-01,2026-10-15,민물고기 대표 유통·검색 시즌 추정,중
983,수산물,민물고기,민물송어,,2026-04-01,2026-07-01,2026-10-15,민물고기 대표 유통·검색 시즌 추정,중
984,수산물,민물고기,철갑상어,,2026-04-01,2026-07-01,2026-10-15,민물고기 대표 유통·검색 시즌 추정,중
985,수산물,해조류,미역,,2026-11-01,2027-02-15,2027-05-10,해조류 대표 유통·검색 시즌 추정,중
986,수산물,해조류,생미역,,2026-11-01,2027-02-15,2027-05-10,해조류 대표 유통·검색 시즌 추정,중
987,수산물,해조류,돌미역,,2026-11-01,2027-02-15,2027-05-10,해조류 대표 유통·검색 시즌 추정,중
988,수산물,해조류,기장미역,,2026-11-01,2027-02-15,2027-05-10,해조류 대표 유통·검색 시즌 추정,중
989,수산물,해조류,매생이,,2026-11-15,2027-01-05,2027-03-10,세부품목 우선 시즌값,상
990,수산물,해조류,김,,2026-11-01,2027-02-15,2027-05-10,해조류 대표 유통·검색 시즌 추정,중
991,수산물,해조류,물김,,2026-11-01,2027-02-15,2027-05-10,해조류 대표 유통·검색 시즌 추정,중
992,수산물,해조류,곱창김,,2026-11-01,2027-02-15,2027-05-10,해조류 대표 유통·검색 시즌 추정,중
993,수산물,해조류,파래김,,2026-11-01,2027-02-15,2027-05-10,해조류 대표 유통·검색 시즌 추정,중
994,수산물,해조류,감태,,2026-11-01,2027-02-15,2027-05-10,해조류 대표 유통·검색 시즌 추정,중
995,수산물,해조류,구운감태,,2026-11-01,2027-02-15,2027-05-10,해조류 대표 유통·검색 시즌 추정,중
996,수산물,해조류,파래,,2026-11-01,2027-02-15,2027-05-10,해조류 대표 유통·검색 시즌 추정,중
997,수산물,해조류,청각,,2026-11-01,2027-02-15,2027-05-10,해조류 대표 유통·검색 시즌 추정,중
998,수산물,해조류,톳,,2026-11-01,2027-02-15,2027-05-10,해조류 대표 유통·검색 시즌 추정,중
999,수산물,해조류,모자반,,2026-11-01,2027-02-15,2027-05-10,해조류 대표 유통·검색 시즌 추정,중
1000,수산물,해조류,꼬시래기,,2026-11-01,2027-02-15,2027-05-10,해조류 대표 유통·검색 시즌 추정,중
1001,수산물,해조류,세모가사리,,2026-11-01,2027-02-15,2027-05-10,해조류 대표 유통·검색 시즌 추정,중
1002,수산물,해조류,우뭇가사리,,2026-11-01,2027-02-15,2027-05-10,해조류 대표 유통·검색 시즌 추정,중
1003,수산물,해조류,다시마,,2026-11-01,2027-02-15,2027-05-10,해조류 대표 유통·검색 시즌 추정,중
1004,수산물,해조류,생다시마,,2026-11-01,2027-02-15,2027-05-10,해조류 대표 유통·검색 시즌 추정,중
1005,수산물,해조류,쌈다시마,,2026-11-01,2027-02-15,2027-05-10,해조류 대표 유통·검색 시즌 추정,중
1006,수산물,해조류,미역귀,,2026-11-01,2027-02-15,2027-05-10,해조류 대표 유통·검색 시즌 추정,중
1007,수산물,해조류,해초모듬,,2026-11-01,2027-02-15,2027-05-10,해조류 대표 유통·검색 시즌 추정,중
1008,수산물,기타수산,멍게,,2026-03-01,2026-07-01,2026-10-31,기타수산 대표 유통·검색 시즌 추정,중
1009,수산물,기타수산,돌멍게,,2026-03-01,2026-07-01,2026-10-31,기타수산 대표 유통·검색 시즌 추정,중
1010,수산물,기타수산,해삼,,2026-03-01,2026-07-01,2026-10-31,기타수산 대표 유통·검색 시즌 추정,중
1011,수산물,기타수산,개불,,2026-03-01,2026-07-01,2026-10-31,기타수산 대표 유통·검색 시즌 추정,중
1012,수산물,기타수산,성게,,2026-03-01,2026-07-01,2026-10-31,기타수산 대표 유통·검색 시즌 추정,중
1013,수산물,기타수산,보라성게,,2026-03-01,2026-07-01,2026-10-31,기타수산 대표 유통·검색 시즌 추정,중
1014,수산물,기타수산,말똥성게,,2026-03-01,2026-07-01,2026-10-31,기타수산 대표 유통·검색 시즌 추정,중
1015,수산물,기타수산,성게알,,2026-03-01,2026-07-01,2026-10-31,기타수산 대표 유통·검색 시즌 추정,중
1016,수산물,기타수산,군소,,2026-03-01,2026-07-01,2026-10-31,기타수산 대표 유통·검색 시즌 추정,중
1017,수산물,기타수산,해파리,,2026-03-01,2026-07-01,2026-10-31,기타수산 대표 유통·검색 시즌 추정,중
1018,수산물,기타수산,미더덕,,2026-03-01,2026-07-01,2026-10-31,기타수산 대표 유통·검색 시즌 추정,중
1019,수산물,기타수산,오만둥이,,2026-03-01,2026-07-01,2026-10-31,기타수산 대표 유통·검색 시즌 추정,중
1020,수산물,기타수산,우렁쉥이,,2026-03-01,2026-07-01,2026-10-31,기타수산 대표 유통·검색 시즌 추정,중
1021,수산물,기타수산,갑각류모듬,,2026-03-01,2026-07-01,2026-10-31,기타수산 대표 유통·검색 시즌 추정,중
1022,축산·알,소고기,한우등심,,2026-01-01,2026-09-20,2026-12-31,소고기 대표 유통·검색 시즌 추정,중
1023,축산·알,소고기,한우안심,,2026-01-01,2026-09-20,2026-12-31,소고기 대표 유통·검색 시즌 추정,중
1024,축산·알,소고기,한우채끝,,2026-01-01,2026-09-20,2026-12-31,소고기 대표 유통·검색 시즌 추정,중
1025,축산·알,소고기,한우갈비,,2026-01-01,2026-09-20,2026-12-31,소고기 대표 유통·검색 시즌 추정,중
1026,축산·알,소고기,한우양지,,2026-01-01,2026-09-20,2026-12-31,소고기 대표 유통·검색 시즌 추정,중
1027,축산·알,소고기,한우사태,,2026-01-01,2026-09-20,2026-12-31,소고기 대표 유통·검색 시즌 추정,중
1028,축산·알,소고기,한우우둔,,2026-01-01,2026-09-20,2026-12-31,소고기 대표 유통·검색 시즌 추정,중
1029,축산·알,소고기,한우설도,,2026-01-01,2026-09-20,2026-12-31,소고기 대표 유통·검색 시즌 추정,중
1030,축산·알,소고기,한우부채살,,2026-01-01,2026-09-20,2026-12-31,소고기 대표 유통·검색 시즌 추정,중
1031,축산·알,소고기,한우치마살,,2026-01-01,2026-09-20,2026-12-31,소고기 대표 유통·검색 시즌 추정,중
1032,축산·알,소고기,한우토시살,,2026-01-01,2026-09-20,2026-12-31,소고기 대표 유통·검색 시즌 추정,중
1033,축산·알,소고기,한우제비추리,,2026-01-01,2026-09-20,2026-12-31,소고기 대표 유통·검색 시즌 추정,중
1034,축산·알,소고기,한우업진살,,2026-01-01,2026-09-20,2026-12-31,소고기 대표 유통·검색 시즌 추정,중
1035,축산·알,소고기,한우살치살,,2026-01-01,2026-09-20,2026-12-31,소고기 대표 유통·검색 시즌 추정,중
1036,축산·알,소고기,육우,,2026-01-01,2026-09-20,2026-12-31,소고기 대표 유통·검색 시즌 추정,중
1037,축산·알,소고기,와규,,2026-01-01,2026-09-20,2026-12-31,소고기 대표 유통·검색 시즌 추정,중
1038,축산·알,돼지고기,삼겹살,,2026-01-01,2026-07-15,2026-12-31,돼지고기 대표 유통·검색 시즌 추정,중
1039,축산·알,돼지고기,오겹살,,2026-01-01,2026-07-15,2026-12-31,돼지고기 대표 유통·검색 시즌 추정,중
1040,축산·알,돼지고기,목살,,2026-01-01,2026-07-15,2026-12-31,돼지고기 대표 유통·검색 시즌 추정,중
1041,축산·알,돼지고기,앞다리살,,2026-01-01,2026-07-15,2026-12-31,돼지고기 대표 유통·검색 시즌 추정,중
1042,축산·알,돼지고기,뒷다리살,,2026-01-01,2026-07-15,2026-12-31,돼지고기 대표 유통·검색 시즌 추정,중
1043,축산·알,돼지고기,항정살,,2026-01-01,2026-07-15,2026-12-31,돼지고기 대표 유통·검색 시즌 추정,중
1044,축산·알,돼지고기,가브리살,,2026-01-01,2026-07-15,2026-12-31,돼지고기 대표 유통·검색 시즌 추정,중
1045,축산·알,돼지고기,갈매기살,,2026-01-01,2026-07-15,2026-12-31,돼지고기 대표 유통·검색 시즌 추정,중
1046,축산·알,돼지고기,등심,,2026-01-01,2026-07-15,2026-12-31,돼지고기 대표 유통·검색 시즌 추정,중
1047,축산·알,돼지고기,안심,,2026-01-01,2026-07-15,2026-12-31,돼지고기 대표 유통·검색 시즌 추정,중
1048,축산·알,돼지고기,돼지갈비,,2026-01-01,2026-07-15,2026-12-31,돼지고기 대표 유통·검색 시즌 추정,중
1049,축산·알,돼지고기,등갈비,,2026-01-01,2026-07-15,2026-12-31,돼지고기 대표 유통·검색 시즌 추정,중
1050,축산·알,돼지고기,사태,,2026-01-01,2026-07-15,2026-12-31,돼지고기 대표 유통·검색 시즌 추정,중
1051,축산·알,돼지고기,돈마호크,,2026-01-01,2026-07-15,2026-12-31,돼지고기 대표 유통·검색 시즌 추정,중
1052,축산·알,돼지고기,흑돼지,,2026-01-01,2026-07-15,2026-12-31,돼지고기 대표 유통·검색 시즌 추정,중
1053,축산·알,돼지고기,제주흑돼지,,2026-01-01,2026-07-15,2026-12-31,돼지고기 대표 유통·검색 시즌 추정,중
1054,축산·알,닭오리,생닭,,2026-01-01,2026-07-20,2026-12-31,닭오리 대표 유통·검색 시즌 추정,중
1055,축산·알,닭오리,백숙용닭,,2026-01-01,2026-07-20,2026-12-31,닭오리 대표 유통·검색 시즌 추정,중
1056,축산·알,닭오리,삼계탕용닭,,2026-01-01,2026-07-20,2026-12-31,닭오리 대표 유통·검색 시즌 추정,중
1057,축산·알,닭오리,닭가슴살,,2026-01-01,2026-07-20,2026-12-31,닭오리 대표 유통·검색 시즌 추정,중
1058,축산·알,닭오리,닭다리,,2026-01-01,2026-07-20,2026-12-31,닭오리 대표 유통·검색 시즌 추정,중
1059,축산·알,닭오리,닭날개,,2026-01-01,2026-07-20,2026-12-31,닭오리 대표 유통·검색 시즌 추정,중
1060,축산·알,닭오리,닭봉,,2026-01-01,2026-07-20,2026-12-31,닭오리 대표 유통·검색 시즌 추정,중
1061,축산·알,닭오리,닭안심,,2026-01-01,2026-07-20,2026-12-31,닭오리 대표 유통·검색 시즌 추정,중
1062,축산·알,닭오리,토종닭,,2026-01-01,2026-07-20,2026-12-31,닭오리 대표 유통·검색 시즌 추정,중
1063,축산·알,닭오리,오리,,2026-01-01,2026-07-20,2026-12-31,닭오리 대표 유통·검색 시즌 추정,중
1064,축산·알,닭오리,통오리,,2026-01-01,2026-07-20,2026-12-31,닭오리 대표 유통·검색 시즌 추정,중
1065,축산·알,닭오리,오리로스,,2026-01-01,2026-07-20,2026-12-31,닭오리 대표 유통·검색 시즌 추정,중
1066,축산·알,닭오리,훈제오리,,2026-01-01,2026-07-20,2026-12-31,닭오리 대표 유통·검색 시즌 추정,중
1067,축산·알,닭오리,유황오리,,2026-01-01,2026-07-20,2026-12-31,닭오리 대표 유통·검색 시즌 추정,중
1068,축산·알,닭오리,메추리,,2026-01-01,2026-07-20,2026-12-31,닭오리 대표 유통·검색 시즌 추정,중
1069,축산·알,알,계란,,2026-01-01,2026-06-01,2026-12-31,연중 유통·재배형,상
1070,축산·알,알,유정란,,2026-01-01,2026-06-01,2026-12-31,연중 유통·재배형,상
1071,축산·알,알,무항생제계란,,2026-01-01,2026-06-01,2026-12-31,연중 유통·재배형,상
1072,축산·알,알,동물복지계란,,2026-01-01,2026-06-01,2026-12-31,연중 유통·재배형,상
1073,축산·알,알,초란,,2026-12-07,2027-05-12,2026-12-16,알 대표 유통·검색 시즌 추정 / 조생·햇상품 조정,중
1074,축산·알,알,왕란,,2026-01-01,2026-06-01,2026-12-31,알 대표 유통·검색 시즌 추정,중
1075,축산·알,알,대란,,2026-01-01,2026-06-01,2026-12-31,알 대표 유통·검색 시즌 추정,중
1076,축산·알,알,특란,,2026-01-01,2026-06-01,2026-12-31,알 대표 유통·검색 시즌 추정,중
1077,축산·알,알,메추리알,,2026-01-01,2026-06-01,2026-12-31,알 대표 유통·검색 시즌 추정,중
1078,축산·알,알,오리알,,2026-01-01,2026-06-01,2026-12-31,알 대표 유통·검색 시즌 추정,중
1079,축산·알,알,거위알,,2026-01-01,2026-06-01,2026-12-31,알 대표 유통·검색 시즌 추정,중
1080,축산·알,기타육류,양고기,,2026-01-01,2026-09-01,2026-12-31,기타육류 대표 유통·검색 시즌 추정,중
1081,축산·알,기타육류,양갈비,,2026-01-01,2026-09-01,2026-12-31,기타육류 대표 유통·검색 시즌 추정,중
1082,축산·알,기타육류,프렌치랙,,2026-01-01,2026-09-01,2026-12-31,기타육류 대표 유통·검색 시즌 추정,중
1083,축산·알,기타육류,토끼고기,,2026-01-01,2026-09-01,2026-12-31,기타육류 대표 유통·검색 시즌 추정,중
1084,축산·알,기타육류,염소고기,,2026-01-01,2026-09-01,2026-12-31,기타육류 대표 유통·검색 시즌 추정,중
1085,축산·알,기타육류,흑염소,,2026-01-01,2026-09-01,2026-12-31,기타육류 대표 유통·검색 시즌 추정,중
1086,축산·알,기타육류,말고기,,2026-01-01,2026-09-01,2026-12-31,기타육류 대표 유통·검색 시즌 추정,중
1087,축산·알,기타육류,사슴고기,,2026-01-01,2026-09-01,2026-12-31,기타육류 대표 유통·검색 시즌 추정,중
